meterID,gap_start,gap_end,missing_intervals,duration_hours
1,2016-03-27 23:00:00,2016-03-27 23:45:00,4,1.0
2,2016-03-27 23:00:00,2016-03-27 23:45:00,4,1.0
3,2016-03-27 23:00:00,2016-03-27 23:45:00,4,1.0
4,2016-03-27 23:00:00,2016-03-27 23:45:00,4,1.0
5,2016-03-27 23:00:00,2016-03-27 23:45:00,4,1.0
6,2016-03-27 23:00:00,2016-03-27 23:45:00,4,1.0
7,2016-03-27 23:00:00,2016-03-27 23:45:00,4,1.0
8,2016-03-27 23:00:00,2016-03-27 23:45:00,4,1.0
9,2016-03-27 23:00:00,2016-03-27 23:45:00,4,1.0
10,2016-03-27 23:00:00,2016-03-27 23:45:00,4,1.0
11,2016-03-27 23:00:00,2016-03-27 23:45:00,4,1.0
12,2016-03-27 23:00:00,2016-03-27 23:45:00,4,1.0
13,2016-03-27 23:00:00,2016-03-27 23:45:00,4,1.0
14,2016-03-27 23:00:00,2016-03-27 23:45:00,4,1.0
15,2016-03-27 23:00:00,2016-03-27 23:45:00,4,1.0
16,2016-03-27 23:00:00,2016-03-27 23:45:00,4,1.0
17,2016-03-27 23:00:00,2016-03-27 23:45:00,4,1.0
18,2016-03-27 23:00:00,2016-03-27 23:45:00,4,1.0
19,2016-03-27 23:00:00,2016-03-27 23:45:00,4,1.0
20,2016-03-27 23:00:00,2016-03-27 23:45:00,4,1.0
21,2016-03-27 23:00:00,2016-03-27 23:45:00,4,1.0
22,2016-03-27 23:00:00,2016-03-27 23:45:00,4,1.0
23,2016-03-27 23:00:00,2016-03-27 23:45:00,4,1.0
24,2016-03-27 23:00:00,2016-03-27 23:45:00,4,1.0
25,2016-03-27 23:00:00,2016-03-27 23:45:00,4,1.0
26,2016-03-27 23:00:00,2016-03-27 23:45:00,4,1.0
27,2016-03-27 23:00:00,2016-03-27 23:45:00,4,1.0
28,2016-03-27 23:00:00,2016-03-27 23:45:00,4,1.0
30,2016-03-27 23:00:00,2016-03-27 23:45:00,4,1.0
31,2016-03-27 23:00:00,2016-03-27 23:45:00,4,1.0
32,2016-03-27 23:00:00,2016-03-27 23:45:00,4,1.0
33,2016-03-27 23:00:00,2016-03-27 23:45:00,4,1.0
34,2016-03-27 23:00:00,2016-03-27 23:45:00,4,1.0
35,2016-03-27 23:00:00,2016-03-27 23:45:00,4,1.0
36,2016-03-27 23:00:00,2016-03-27 23:45:00,4,1.0
37,2016-03-27 23:00:00,2016-03-27 23:45:00,4,1.0
38,2016-03-27 23:00:00,2016-03-27 23:45:00,4,1.0
39,2016-03-27 23:00:00,2016-03-27 23:45:00,4,1.0
40,2016-03-27 23:00:00,2016-03-27 23:45:00,4,1.0
41,2016-03-27 23:00:00,2016-03-27 23:45:00,4,1.0
42,2016-03-27 23:00:00,2016-03-27 23:45:00,4,1.0
43,2016-03-27 23:00:00,2016-03-27 23:45:00,4,1.0
44,2016-03-27 23:00:00,2016-03-27 23:45:00,4,1.0
45,2016-03-27 23:00:00,2016-03-27 23:45:00,4,1.0
46,2016-03-27 23:00:00,2016-03-27 23:45:00,4,1.0
47,2016-03-27 23:00:00,2016-03-27 23:45:00,4,1.0
48,2016-03-27 23:00:00,2016-03-27 23:45:00,4,1.0
49,2016-03-27 23:00:00,2016-03-27 23:45:00,4,1.0
50,2016-03-27 23:00:00,2016-03-27 23:45:00,4,1.0
51,2016-03-27 23:00:00,2016-03-27 23:45:00,4,1.0
52,2016-03-27 23:00:00,2016-03-27 23:45:00,4,1.0
53,2016-03-27 23:00:00,2016-03-27 23:45:00,4,1.0
54,2016-03-27 23:00:00,2016-03-27 23:45:00,4,1.0
55,2016-03-27 23:00:00,2016-03-27 23:45:00,4,1.0
56,2016-03-27 23:00:00,2016-03-27 23:45:00,4,1.0
57,2016-03-27 23:00:00,2016-03-27 23:45:00,4,1.0
58,2016-03-27 23:00:00,2016-03-27 23:45:00,4,1.0
59,2016-03-27 23:00:00,2016-03-27 23:45:00,4,1.0
60,2016-03-27 23:00:00,2016-03-27 23:45:00,4,1.0
61,2016-03-27 23:00:00,2016-03-27 23:45:00,4,1.0
62,2016-03-27 23:00:00,2016-03-27 23:45:00,4,1.0
63,2016-03-27 23:00:00,2016-03-27 23:45:00,4,1.0
64,2016-03-27 23:00:00,2016-03-27 23:45:00,4,1.0
65,2016-03-27 23:00:00,2016-03-27 23:45:00,4,1.0
66,2016-03-27 23:00:00,2016-03-27 23:45:00,4,1.0
67,2016-03-27 23:00:00,2016-03-27 23:45:00,4,1.0
68,2016-03-27 23:00:00,2016-03-27 23:45:00,4,1.0
69,2016-03-27 23:00:00,2016-03-27 23:45:00,4,1.0
70,2016-03-27 23:00:00,2016-03-27 23:45:00,4,1.0
71,2016-03-27 23:00:00,2016-03-27 23:45:00,4,1.0
72,2016-03-27 23:00:00,2016-03-27 23:45:00,4,1.0
73,2016-03-27 23:00:00,2016-03-27 23:45:00,4,1.0
74,2016-03-27 23:00:00,2016-03-27 23:45:00,4,1.0
75,2016-03-27 23:00:00,2016-03-27 23:45:00,4,1.0
76,2016-03-27 23:00:00,2016-03-27 23:45:00,4,1.0
77,2016-03-27 23:00:00,2016-03-27 23:45:00,4,1.0
78,2016-03-27 23:00:00,2016-03-27 23:45:00,4,1.0
79,2016-03-27 23:00:00,2016-03-27 23:45:00,4,1.0
80,2016-03-27 23:00:00,2016-03-27 23:45:00,4,1.0
81,2016-03-27 23:00:00,2016-03-27 23:45:00,4,1.0
82,2016-03-27 23:00:00,2016-03-27 23:45:00,4,1.0
83,2016-03-27 23:00:00,2016-03-27 23:45:00,4,1.0
84,2016-03-27 23:00:00,2016-03-27 23:45:00,4,1.0
85,2016-03-27 23:00:00,2016-03-27 23:45:00,4,1.0
86,2016-03-27 23:00:00,2016-03-27 23:45:00,4,1.0
87,2016-03-27 23:00:00,2016-03-27 23:45:00,4,1.0
88,2016-03-27 23:00:00,2016-03-27 23:45:00,4,1.0
89,2016-03-27 23:00:00,2016-03-27 23:45:00,4,1.0
90,2016-03-27 23:00:00,2016-03-27 23:45:00,4,1.0
91,2016-03-27 23:00:00,2016-03-27 23:45:00,4,1.0
92,2016-03-27 23:00:00,2016-03-27 23:45:00,4,1.0
93,2016-03-27 23:00:00,2016-03-27 23:45:00,4,1.0
94,2016-03-27 23:00:00,2016-03-27 23:45:00,4,1.0
95,2016-03-27 23:00:00,2016-03-27 23:45:00,4,1.0
96,2016-03-27 23:00:00,2016-03-27 23:45:00,4,1.0
97,2016-03-27 23:00:00,2016-03-27 23:45:00,4,1.0
98,2016-03-27 23:00:00,2016-03-27 23:45:00,4,1.0
99,2016-03-27 23:00:00,2016-03-27 23:45:00,4,1.0
100,2016-03-27 23:00:00,2016-03-27 23:45:00,4,1.0
101,2016-03-27 23:00:00,2016-03-27 23:45:00,4,1.0
102,2016-03-27 23:00:00,2016-03-27 23:45:00,4,1.0
103,2016-03-27 23:00:00,2016-03-27 23:45:00,4,1.0
104,2016-03-27 23:00:00,2016-03-27 23:45:00,4,1.0
105,2016-03-27 23:00:00,2016-03-27 23:45:00,4,1.0
106,2016-03-27 23:00:00,2016-03-27 23:45:00,4,1.0
107,2016-03-27 23:00:00,2016-03-27 23:45:00,4,1.0
108,2016-03-27 23:00:00,2016-03-27 23:45:00,4,1.0
109,2016-03-27 23:00:00,2016-03-27 23:45:00,4,1.0
110,2016-03-27 23:00:00,2016-03-27 23:45:00,4,1.0
111,2016-03-27 23:00:00,2016-03-27 23:45:00,4,1.0
112,2016-03-27 23:00:00,2016-03-27 23:45:00,4,1.0
113,2016-03-27 23:00:00,2016-03-27 23:45:00,4,1.0
114,2016-03-27 23:00:00,2016-03-27 23:45:00,4,1.0
115,2016-03-27 23:00:00,2016-03-27 23:45:00,4,1.0
116,2016-03-27 23:00:00,2016-03-27 23:45:00,4,1.0
117,2016-03-27 23:00:00,2016-03-27 23:45:00,4,1.0
118,2016-03-27 23:00:00,2016-03-27 23:45:00,4,1.0
119,2016-03-27 23:00:00,2016-03-27 23:45:00,4,1.0
120,2016-03-27 23:00:00,2016-03-27 23:45:00,4,1.0
121,2016-03-27 23:00:00,2016-03-27 23:45:00,4,1.0
122,2016-03-27 23:00:00,2016-03-27 23:45:00,4,1.0
123,2016-03-27 23:00:00,2016-03-27 23:45:00,4,1.0
124,2016-03-27 23:00:00,2016-03-27 23:45:00,4,1.0
125,2016-03-27 23:00:00,2016-03-27 23:45:00,4,1.0
126,2016-03-27 23:00:00,2016-03-27 23:45:00,4,1.0
127,2016-03-27 23:00:00,2016-03-27 23:45:00,4,1.0
128,2016-03-27 23:00:00,2016-03-27 23:45:00,4,1.0
129,2016-03-27 23:00:00,2016-03-27 23:45:00,4,1.0
130,2016-03-27 23:00:00,2016-03-27 23:45:00,4,1.0
131,2016-03-27 23:00:00,2016-03-27 23:45:00,4,1.0
132,2016-03-27 23:00:00,2016-03-27 23:45:00,4,1.0
133,2016-03-27 23:00:00,2016-03-27 23:45:00,4,1.0
134,2016-03-27 23:00:00,2016-03-27 23:45:00,4,1.0
135,2016-03-27 23:00:00,2016-03-27 23:45:00,4,1.0
136,2016-03-27 23:00:00,2016-03-27 23:45:00,4,1.0
137,2016-03-27 23:00:00,2016-03-27 23:45:00,4,1.0
138,2016-03-27 23:00:00,2016-03-27 23:45:00,4,1.0
139,2016-03-27 23:00:00,2016-03-27 23:45:00,4,1.0
140,2016-03-27 23:00:00,2016-03-27 23:45:00,4,1.0
141,2016-03-27 23:00:00,2016-03-27 23:45:00,4,1.0
142,2016-03-27 23:00:00,2016-03-27 23:45:00,4,1.0
143,2016-03-27 23:00:00,2016-03-27 23:45:00,4,1.0
144,2016-03-27 23:00:00,2016-03-27 23:45:00,4,1.0
145,2016-03-27 23:00:00,2016-03-27 23:45:00,4,1.0
146,2016-03-27 23:00:00,2016-03-27 23:45:00,4,1.0
147,2016-03-27 23:00:00,2016-03-27 23:45:00,4,1.0
148,2016-03-27 23:00:00,2016-03-27 23:45:00,4,1.0
149,2016-03-27 23:00:00,2016-03-27 23:45:00,4,1.0
150,2016-03-27 23:00:00,2016-03-27 23:45:00,4,1.0
151,2016-03-27 23:00:00,2016-03-27 23:45:00,4,1.0
152,2016-03-27 23:00:00,2016-03-27 23:45:00,4,1.0
153,2016-03-27 23:00:00,2016-03-27 23:45:00,4,1.0
154,2016-03-27 23:00:00,2016-03-27 23:45:00,4,1.0
155,2016-03-27 23:00:00,2016-03-27 23:45:00,4,1.0
156,2016-03-27 23:00:00,2016-03-27 23:45:00,4,1.0
157,2016-03-27 23:00:00,2016-03-27 23:45:00,4,1.0
158,2016-03-27 23:00:00,2016-03-27 23:45:00,4,1.0
159,2016-01-01 23:30:00,2016-01-01 23:45:00,2,0.5
159,2016-01-02 23:30:00,2016-01-02 23:45:00,2,0.5
159,2016-01-03 23:30:00,2016-01-03 23:45:00,2,0.5
159,2016-01-04 23:30:00,2016-01-04 23:45:00,2,0.5
159,2016-01-05 23:30:00,2016-01-05 23:45:00,2,0.5
159,2016-01-06 23:30:00,2016-01-06 23:45:00,2,0.5
159,2016-01-07 23:30:00,2016-01-07 23:45:00,2,0.5
159,2016-01-08 23:30:00,2016-01-08 23:45:00,2,0.5
159,2016-01-09 23:30:00,2016-01-09 23:45:00,2,0.5
159,2016-01-10 23:30:00,2016-01-10 23:45:00,2,0.5
159,2016-01-11 23:30:00,2016-01-11 23:45:00,2,0.5
159,2016-01-12 23:30:00,2016-01-12 23:45:00,2,0.5
159,2016-01-13 23:30:00,2016-01-13 23:45:00,2,0.5
159,2016-01-14 23:30:00,2016-01-14 23:45:00,2,0.5
159,2016-01-15 23:30:00,2016-01-15 23:45:00,2,0.5
159,2016-01-16 23:30:00,2016-01-16 23:45:00,2,0.5
159,2016-01-17 23:30:00,2016-01-17 23:45:00,2,0.5
159,2016-01-18 23:30:00,2016-01-18 23:45:00,2,0.5
159,2016-01-19 23:30:00,2016-01-19 23:45:00,2,0.5
159,2016-01-20 23:30:00,2016-01-20 23:45:00,2,0.5
159,2016-01-21 23:30:00,2016-01-21 23:45:00,2,0.5
159,2016-01-22 23:30:00,2016-01-22 23:45:00,2,0.5
159,2016-01-23 23:30:00,2016-01-23 23:45:00,2,0.5
159,2016-01-24 23:30:00,2016-01-24 23:45:00,2,0.5
159,2016-01-25 23:30:00,2016-01-25 23:45:00,2,0.5
159,2016-01-26 23:30:00,2016-01-26 23:45:00,2,0.5
159,2016-01-27 23:30:00,2016-01-27 23:45:00,2,0.5
159,2016-01-28 23:30:00,2016-01-28 23:45:00,2,0.5
159,2016-01-29 23:30:00,2016-01-29 23:45:00,2,0.5
159,2016-01-30 23:30:00,2016-01-30 23:45:00,2,0.5
159,2016-01-31 23:30:00,2016-01-31 23:45:00,2,0.5
159,2016-02-01 23:30:00,2016-02-01 23:45:00,2,0.5
159,2016-02-02 23:30:00,2016-02-02 23:45:00,2,0.5
159,2016-02-03 23:30:00,2016-02-03 23:45:00,2,0.5
159,2016-02-04 23:30:00,2016-02-04 23:45:00,2,0.5
159,2016-02-05 23:30:00,2016-02-05 23:45:00,2,0.5
159,2016-02-06 23:30:00,2016-02-06 23:45:00,2,0.5
159,2016-02-07 23:30:00,2016-02-07 23:45:00,2,0.5
159,2016-02-08 23:30:00,2016-02-08 23:45:00,2,0.5
159,2016-02-09 23:30:00,2016-02-09 23:45:00,2,0.5
159,2016-02-10 23:30:00,2016-02-10 23:45:00,2,0.5
159,2016-02-11 23:30:00,2016-02-11 23:45:00,2,0.5
159,2016-02-12 23:30:00,2016-02-12 23:45:00,2,0.5
159,2016-02-13 23:30:00,2016-02-13 23:45:00,2,0.5
159,2016-02-14 23:30:00,2016-02-14 23:45:00,2,0.5
159,2016-02-15 23:30:00,2016-02-15 23:45:00,2,0.5
159,2016-02-16 23:30:00,2016-02-16 23:45:00,2,0.5
159,2016-02-17 23:30:00,2016-02-17 23:45:00,2,0.5
159,2016-02-18 23:30:00,2016-02-18 23:45:00,2,0.5
159,2016-02-19 23:30:00,2016-02-19 23:45:00,2,0.5
159,2016-02-20 23:30:00,2016-02-20 23:45:00,2,0.5
159,2016-02-21 23:30:00,2016-02-21 23:45:00,2,0.5
159,2016-02-22 23:30:00,2016-02-22 23:45:00,2,0.5
159,2016-02-23 23:30:00,2016-02-23 23:45:00,2,0.5
159,2016-02-24 23:30:00,2016-02-24 23:45:00,2,0.5
159,2016-02-25 23:30:00,2016-02-25 23:45:00,2,0.5
159,2016-02-26 23:30:00,2016-02-26 23:45:00,2,0.5
159,2016-02-27 23:30:00,2016-02-27 23:45:00,2,0.5
159,2016-02-28 23:30:00,2016-02-28 23:45:00,2,0.5
159,2016-02-29 23:30:00,2016-02-29 23:45:00,2,0.5
159,2016-03-01 23:30:00,2016-03-01 23:45:00,2,0.5
159,2016-03-02 23:30:00,2016-03-02 23:45:00,2,0.5
159,2016-03-03 23:30:00,2016-03-03 23:45:00,2,0.5
159,2016-03-04 23:30:00,2016-03-04 23:45:00,2,0.5
159,2016-03-05 23:30:00,2016-03-05 23:45:00,2,0.5
159,2016-03-06 23:30:00,2016-03-06 23:45:00,2,0.5
159,2016-03-07 23:30:00,2016-03-07 23:45:00,2,0.5
159,2016-03-08 23:30:00,2016-03-08 23:45:00,2,0.5
159,2016-03-09 23:30:00,2016-03-09 23:45:00,2,0.5
159,2016-03-10 23:30:00,2016-03-10 23:45:00,2,0.5
159,2016-03-11 23:30:00,2016-03-11 23:45:00,2,0.5
159,2016-03-12 23:30:00,2016-03-12 23:45:00,2,0.5
159,2016-03-13 23:30:00,2016-03-13 23:45:00,2,0.5
159,2016-03-14 23:30:00,2016-03-14 23:45:00,2,0.5
159,2016-03-15 23:30:00,2016-03-15 23:45:00,2,0.5
159,2016-03-16 23:30:00,2016-03-16 23:45:00,2,0.5
159,2016-03-17 23:30:00,2016-03-17 23:45:00,2,0.5
159,2016-03-18 23:30:00,2016-03-18 23:45:00,2,0.5
159,2016-03-19 23:30:00,2016-03-19 23:45:00,2,0.5
159,2016-03-20 23:30:00,2016-03-20 23:45:00,2,0.5
159,2016-03-21 23:30:00,2016-03-21 23:45:00,2,0.5
159,2016-03-22 23:30:00,2016-03-22 23:45:00,2,0.5
159,2016-03-23 23:30:00,2016-03-23 23:45:00,2,0.5
159,2016-03-24 23:30:00,2016-03-24 23:45:00,2,0.5
159,2016-03-25 23:30:00,2016-03-25 23:45:00,2,0.5
159,2016-03-26 23:30:00,2016-03-26 23:45:00,2,0.5
159,2016-03-27 22:30:00,2016-03-27 23:45:00,6,1.5
159,2016-03-28 23:30:00,2016-03-28 23:45:00,2,0.5
159,2016-03-29 23:30:00,2016-03-29 23:45:00,2,0.5
159,2016-03-30 23:30:00,2016-03-30 23:45:00,2,0.5
159,2016-03-31 23:30:00,2016-03-31 23:45:00,2,0.5
159,2016-04-01 23:30:00,2016-04-01 23:45:00,2,0.5
159,2016-04-02 23:30:00,2016-04-02 23:45:00,2,0.5
159,2016-04-03 23:30:00,2016-04-03 23:45:00,2,0.5
159,2016-04-04 23:30:00,2016-04-04 23:45:00,2,0.5
159,2016-04-05 23:30:00,2016-04-05 23:45:00,2,0.5
159,2016-04-06 23:30:00,2016-04-06 23:45:00,2,0.5
159,2016-04-07 23:30:00,2016-04-07 23:45:00,2,0.5
159,2016-04-08 23:30:00,2016-04-08 23:45:00,2,0.5
159,2016-04-09 23:30:00,2016-04-09 23:45:00,2,0.5
159,2016-04-10 23:30:00,2016-04-10 23:45:00,2,0.5
159,2016-04-11 23:30:00,2016-04-11 23:45:00,2,0.5
159,2016-04-12 23:30:00,2016-04-12 23:45:00,2,0.5
159,2016-04-13 23:30:00,2016-04-13 23:45:00,2,0.5
159,2016-04-14 23:30:00,2016-04-14 23:45:00,2,0.5
159,2016-04-15 23:30:00,2016-04-15 23:45:00,2,0.5
159,2016-04-16 23:30:00,2016-04-16 23:45:00,2,0.5
159,2016-04-17 23:30:00,2016-04-17 23:45:00,2,0.5
159,2016-04-18 23:30:00,2016-04-18 23:45:00,2,0.5
159,2016-04-19 23:30:00,2016-04-19 23:45:00,2,0.5
159,2016-04-20 23:30:00,2016-04-20 23:45:00,2,0.5
159,2016-04-21 23:30:00,2016-04-21 23:45:00,2,0.5
159,2016-04-22 23:30:00,2016-04-22 23:45:00,2,0.5
159,2016-04-23 23:30:00,2016-04-23 23:45:00,2,0.5
159,2016-04-24 23:30:00,2016-04-24 23:45:00,2,0.5
159,2016-04-25 23:30:00,2016-04-25 23:45:00,2,0.5
159,2016-04-26 23:30:00,2016-04-26 23:45:00,2,0.5
159,2016-04-27 23:30:00,2016-04-27 23:45:00,2,0.5
159,2016-04-28 23:30:00,2016-04-28 23:45:00,2,0.5
159,2016-04-29 23:30:00,2016-04-29 23:45:00,2,0.5
159,2016-04-30 23:30:00,2016-04-30 23:45:00,2,0.5
159,2016-05-01 23:30:00,2016-05-01 23:45:00,2,0.5
159,2016-05-02 23:30:00,2016-05-02 23:45:00,2,0.5
159,2016-05-03 23:30:00,2016-05-03 23:45:00,2,0.5
159,2016-05-04 23:30:00,2016-05-04 23:45:00,2,0.5
159,2016-05-05 23:30:00,2016-05-05 23:45:00,2,0.5
159,2016-05-06 23:30:00,2016-05-06 23:45:00,2,0.5
159,2016-05-07 23:30:00,2016-05-07 23:45:00,2,0.5
159,2016-05-08 23:30:00,2016-05-08 23:45:00,2,0.5
159,2016-05-09 23:30:00,2016-05-09 23:45:00,2,0.5
159,2016-05-10 23:30:00,2016-05-10 23:45:00,2,0.5
159,2016-05-11 23:30:00,2016-05-11 23:45:00,2,0.5
159,2016-05-12 23:30:00,2016-05-12 23:45:00,2,0.5
159,2016-05-13 23:30:00,2016-05-13 23:45:00,2,0.5
159,2016-05-14 23:30:00,2016-05-14 23:45:00,2,0.5
159,2016-05-15 23:30:00,2016-05-15 23:45:00,2,0.5
159,2016-05-16 23:30:00,2016-05-16 23:45:00,2,0.5
159,2016-05-17 23:30:00,2016-05-17 23:45:00,2,0.5
159,2016-05-18 23:30:00,2016-05-18 23:45:00,2,0.5
159,2016-05-19 23:30:00,2016-05-19 23:45:00,2,0.5
159,2016-05-20 23:30:00,2016-05-20 23:45:00,2,0.5
159,2016-05-21 23:30:00,2016-05-21 23:45:00,2,0.5
159,2016-05-22 23:30:00,2016-05-22 23:45:00,2,0.5
159,2016-05-23 23:30:00,2016-05-23 23:45:00,2,0.5
159,2016-05-24 23:30:00,2016-05-24 23:45:00,2,0.5
159,2016-05-25 23:30:00,2016-05-25 23:45:00,2,0.5
159,2016-05-26 23:30:00,2016-05-26 23:45:00,2,0.5
159,2016-05-27 23:30:00,2016-05-27 23:45:00,2,0.5
159,2016-05-28 23:30:00,2016-05-28 23:45:00,2,0.5
159,2016-05-29 23:30:00,2016-05-29 23:45:00,2,0.5
159,2016-05-30 23:30:00,2016-05-30 23:45:00,2,0.5
159,2016-05-31 23:30:00,2016-05-31 23:45:00,2,0.5
159,2016-06-01 23:30:00,2016-06-01 23:45:00,2,0.5
159,2016-06-02 23:30:00,2016-06-02 23:45:00,2,0.5
159,2016-06-03 23:30:00,2016-06-03 23:45:00,2,0.5
159,2016-06-04 23:30:00,2016-06-04 23:45:00,2,0.5
159,2016-06-05 23:30:00,2016-06-05 23:45:00,2,0.5
159,2016-06-06 23:30:00,2016-06-06 23:45:00,2,0.5
159,2016-06-07 23:30:00,2016-06-07 23:45:00,2,0.5
159,2016-06-08 23:30:00,2016-06-08 23:45:00,2,0.5
159,2016-06-09 23:30:00,2016-06-09 23:45:00,2,0.5
159,2016-06-10 23:30:00,2016-06-10 23:45:00,2,0.5
159,2016-06-11 23:30:00,2016-06-11 23:45:00,2,0.5
159,2016-06-12 23:30:00,2016-06-12 23:45:00,2,0.5
159,2016-06-13 23:30:00,2016-06-13 23:45:00,2,0.5
159,2016-06-14 23:30:00,2016-06-14 23:45:00,2,0.5
159,2016-06-15 23:30:00,2016-06-15 23:45:00,2,0.5
159,2016-06-16 23:30:00,2016-06-16 23:45:00,2,0.5
159,2016-06-17 23:30:00,2016-06-17 23:45:00,2,0.5
159,2016-06-18 23:30:00,2016-06-18 23:45:00,2,0.5
159,2016-06-19 23:30:00,2016-06-19 23:45:00,2,0.5
159,2016-06-20 23:30:00,2016-06-20 23:45:00,2,0.5
159,2016-06-21 23:30:00,2016-06-21 23:45:00,2,0.5
159,2016-06-22 23:30:00,2016-06-22 23:45:00,2,0.5
159,2016-06-23 23:30:00,2016-06-23 23:45:00,2,0.5
159,2016-06-24 23:30:00,2016-06-24 23:45:00,2,0.5
159,2016-06-25 23:30:00,2016-06-25 23:45:00,2,0.5
159,2016-06-26 23:30:00,2016-06-26 23:45:00,2,0.5
159,2016-06-27 23:30:00,2016-06-27 23:45:00,2,0.5
159,2016-06-28 23:30:00,2016-06-28 23:45:00,2,0.5
159,2016-06-29 23:30:00,2016-06-29 23:45:00,2,0.5
159,2016-06-30 23:30:00,2016-06-30 23:45:00,2,0.5
159,2016-07-01 23:30:00,2016-07-01 23:45:00,2,0.5
159,2016-07-02 23:30:00,2016-07-02 23:45:00,2,0.5
159,2016-07-03 23:30:00,2016-07-03 23:45:00,2,0.5
159,2016-07-04 23:30:00,2016-07-04 23:45:00,2,0.5
159,2016-07-05 23:30:00,2016-07-05 23:45:00,2,0.5
159,2016-07-06 23:30:00,2016-07-06 23:45:00,2,0.5
159,2016-07-07 23:30:00,2016-07-07 23:45:00,2,0.5
159,2016-07-08 23:30:00,2016-07-08 23:45:00,2,0.5
159,2016-07-09 23:30:00,2016-07-09 23:45:00,2,0.5
159,2016-07-10 23:30:00,2016-07-10 23:45:00,2,0.5
159,2016-07-11 23:30:00,2016-07-11 23:45:00,2,0.5
159,2016-07-12 23:30:00,2016-07-12 23:45:00,2,0.5
159,2016-07-13 23:30:00,2016-07-13 23:45:00,2,0.5
159,2016-07-14 23:30:00,2016-07-14 23:45:00,2,0.5
159,2016-07-15 23:30:00,2016-07-15 23:45:00,2,0.5
159,2016-07-16 23:30:00,2016-07-16 23:45:00,2,0.5
159,2016-07-17 23:30:00,2016-07-17 23:45:00,2,0.5
159,2016-07-18 23:30:00,2016-07-18 23:45:00,2,0.5
159,2016-07-19 23:30:00,2016-07-19 23:45:00,2,0.5
159,2016-07-20 23:30:00,2016-07-20 23:45:00,2,0.5
159,2016-07-21 23:30:00,2016-07-21 23:45:00,2,0.5
159,2016-07-22 23:30:00,2016-07-22 23:45:00,2,0.5
159,2016-07-23 23:30:00,2016-07-23 23:45:00,2,0.5
159,2016-07-24 23:30:00,2016-07-24 23:45:00,2,0.5
159,2016-07-25 23:30:00,2016-07-25 23:45:00,2,0.5
159,2016-07-26 23:30:00,2016-07-26 23:45:00,2,0.5
159,2016-07-27 23:30:00,2016-07-27 23:45:00,2,0.5
159,2016-07-28 23:30:00,2016-07-28 23:45:00,2,0.5
159,2016-07-29 23:30:00,2016-07-29 23:45:00,2,0.5
159,2016-07-30 23:30:00,2016-07-30 23:45:00,2,0.5
159,2016-07-31 23:30:00,2016-07-31 23:45:00,2,0.5
159,2016-08-01 23:30:00,2016-08-01 23:45:00,2,0.5
159,2016-08-02 23:30:00,2016-08-02 23:45:00,2,0.5
159,2016-08-03 23:30:00,2016-08-03 23:45:00,2,0.5
159,2016-08-04 23:30:00,2016-08-04 23:45:00,2,0.5
159,2016-08-05 23:30:00,2016-08-05 23:45:00,2,0.5
159,2016-08-06 23:30:00,2016-08-06 23:45:00,2,0.5
159,2016-08-07 23:30:00,2016-08-07 23:45:00,2,0.5
159,2016-08-08 23:30:00,2016-08-08 23:45:00,2,0.5
159,2016-08-09 23:30:00,2016-08-09 23:45:00,2,0.5
159,2016-08-10 23:30:00,2016-08-10 23:45:00,2,0.5
159,2016-08-11 23:30:00,2016-08-11 23:45:00,2,0.5
159,2016-08-12 23:30:00,2016-08-12 23:45:00,2,0.5
159,2016-08-13 23:30:00,2016-08-13 23:45:00,2,0.5
159,2016-08-14 23:30:00,2016-08-14 23:45:00,2,0.5
159,2016-08-15 23:30:00,2016-08-15 23:45:00,2,0.5
159,2016-08-16 23:30:00,2016-08-16 23:45:00,2,0.5
159,2016-08-17 23:30:00,2016-08-17 23:45:00,2,0.5
159,2016-08-18 23:30:00,2016-08-18 23:45:00,2,0.5
159,2016-08-19 23:30:00,2016-08-19 23:45:00,2,0.5
159,2016-08-20 23:30:00,2016-08-20 23:45:00,2,0.5
159,2016-08-21 23:30:00,2016-08-21 23:45:00,2,0.5
159,2016-08-22 23:30:00,2016-08-22 23:45:00,2,0.5
159,2016-08-23 23:30:00,2016-08-23 23:45:00,2,0.5
159,2016-08-24 23:30:00,2016-08-24 23:45:00,2,0.5
159,2016-08-25 23:30:00,2016-08-25 23:45:00,2,0.5
159,2016-08-26 23:30:00,2016-08-26 23:45:00,2,0.5
159,2016-08-27 23:30:00,2016-08-27 23:45:00,2,0.5
159,2016-08-28 23:30:00,2016-08-28 23:45:00,2,0.5
159,2016-08-29 23:30:00,2016-08-29 23:45:00,2,0.5
159,2016-08-30 23:30:00,2016-08-30 23:45:00,2,0.5
159,2016-08-31 23:30:00,2016-08-31 23:45:00,2,0.5
159,2016-09-01 23:30:00,2016-09-01 23:45:00,2,0.5
159,2016-09-02 23:30:00,2016-09-02 23:45:00,2,0.5
159,2016-09-03 23:30:00,2016-09-03 23:45:00,2,0.5
159,2016-09-04 23:30:00,2016-09-04 23:45:00,2,0.5
159,2016-09-05 23:30:00,2016-09-05 23:45:00,2,0.5
159,2016-09-06 23:30:00,2016-09-06 23:45:00,2,0.5
159,2016-09-07 23:30:00,2016-09-07 23:45:00,2,0.5
159,2016-09-08 23:30:00,2016-09-08 23:45:00,2,0.5
159,2016-09-09 23:30:00,2016-09-09 23:45:00,2,0.5
159,2016-09-10 23:30:00,2016-09-10 23:45:00,2,0.5
159,2016-09-11 23:30:00,2016-09-11 23:45:00,2,0.5
159,2016-09-12 23:30:00,2016-09-12 23:45:00,2,0.5
159,2016-09-13 23:30:00,2016-09-13 23:45:00,2,0.5
159,2016-09-14 23:30:00,2016-09-14 23:45:00,2,0.5
159,2016-09-15 23:30:00,2016-09-15 23:45:00,2,0.5
159,2016-09-16 23:30:00,2016-09-16 23:45:00,2,0.5
159,2016-09-17 23:30:00,2016-09-17 23:45:00,2,0.5
159,2016-09-18 23:30:00,2016-09-18 23:45:00,2,0.5
159,2016-09-19 23:30:00,2016-09-19 23:45:00,2,0.5
159,2016-09-20 23:30:00,2016-09-20 23:45:00,2,0.5
159,2016-09-21 23:30:00,2016-09-21 23:45:00,2,0.5
159,2016-09-22 23:30:00,2016-09-22 23:45:00,2,0.5
159,2016-09-23 23:30:00,2016-09-23 23:45:00,2,0.5
159,2016-09-24 23:30:00,2016-09-24 23:45:00,2,0.5
159,2016-09-25 23:30:00,2016-09-25 23:45:00,2,0.5
159,2016-09-26 23:30:00,2016-09-26 23:45:00,2,0.5
159,2016-09-27 23:30:00,2016-09-27 23:45:00,2,0.5
159,2016-09-28 23:30:00,2016-09-28 23:45:00,2,0.5
159,2016-09-29 23:30:00,2016-09-29 23:45:00,2,0.5
159,2016-09-30 23:30:00,2016-09-30 23:45:00,2,0.5
159,2016-10-01 23:30:00,2016-10-01 23:45:00,2,0.5
159,2016-10-02 23:30:00,2016-10-02 23:45:00,2,0.5
159,2016-10-03 23:30:00,2016-10-03 23:45:00,2,0.5
159,2016-10-04 23:30:00,2016-10-04 23:45:00,2,0.5
159,2016-10-05 23:30:00,2016-10-05 23:45:00,2,0.5
159,2016-10-06 23:30:00,2016-10-06 23:45:00,2,0.5
159,2016-10-07 23:30:00,2016-10-07 23:45:00,2,0.5
159,2016-10-08 23:30:00,2016-10-08 23:45:00,2,0.5
159,2016-10-09 23:30:00,2016-10-09 23:45:00,2,0.5
159,2016-10-10 23:30:00,2016-10-10 23:45:00,2,0.5
159,2016-10-11 23:30:00,2016-10-11 23:45:00,2,0.5
159,2016-10-12 23:30:00,2016-10-12 23:45:00,2,0.5
159,2016-10-13 23:30:00,2016-10-13 23:45:00,2,0.5
159,2016-10-14 23:30:00,2016-10-14 23:45:00,2,0.5
159,2016-10-15 23:30:00,2016-10-15 23:45:00,2,0.5
159,2016-10-16 23:30:00,2016-10-16 23:45:00,2,0.5
159,2016-10-17 23:30:00,2016-10-17 23:45:00,2,0.5
159,2016-10-18 23:30:00,2016-10-18 23:45:00,2,0.5
159,2016-10-19 23:30:00,2016-10-19 23:45:00,2,0.5
159,2016-10-20 23:30:00,2016-10-20 23:45:00,2,0.5
159,2016-10-21 23:30:00,2016-10-21 23:45:00,2,0.5
159,2016-10-22 23:30:00,2016-10-22 23:45:00,2,0.5
159,2016-10-23 23:30:00,2016-10-23 23:45:00,2,0.5
159,2016-10-24 23:30:00,2016-10-24 23:45:00,2,0.5
159,2016-10-25 23:30:00,2016-10-25 23:45:00,2,0.5
159,2016-10-26 23:30:00,2016-10-26 23:45:00,2,0.5
159,2016-10-27 23:30:00,2016-10-27 23:45:00,2,0.5
159,2016-10-28 23:30:00,2016-10-28 23:45:00,2,0.5
159,2016-10-29 23:30:00,2016-10-29 23:45:00,2,0.5
159,2016-10-31 23:30:00,2016-10-31 23:45:00,2,0.5
159,2016-11-01 23:30:00,2016-11-01 23:45:00,2,0.5
159,2016-11-02 23:30:00,2016-11-02 23:45:00,2,0.5
159,2016-11-03 23:30:00,2016-11-03 23:45:00,2,0.5
159,2016-11-04 23:30:00,2016-11-04 23:45:00,2,0.5
159,2016-11-05 23:30:00,2016-11-05 23:45:00,2,0.5
159,2016-11-06 23:30:00,2016-11-06 23:45:00,2,0.5
159,2016-11-07 23:30:00,2016-11-07 23:45:00,2,0.5
159,2016-11-08 23:30:00,2016-11-08 23:45:00,2,0.5
159,2016-11-09 23:30:00,2016-11-09 23:45:00,2,0.5
159,2016-11-10 23:30:00,2016-11-10 23:45:00,2,0.5
159,2016-11-11 23:30:00,2016-11-11 23:45:00,2,0.5
159,2016-11-12 23:30:00,2016-11-12 23:45:00,2,0.5
159,2016-11-13 23:30:00,2016-11-13 23:45:00,2,0.5
159,2016-11-14 23:30:00,2016-11-14 23:45:00,2,0.5
159,2016-11-15 23:30:00,2016-11-15 23:45:00,2,0.5
159,2016-11-16 23:30:00,2016-11-16 23:45:00,2,0.5
159,2016-11-17 23:30:00,2016-11-17 23:45:00,2,0.5
159,2016-11-18 23:30:00,2016-11-18 23:45:00,2,0.5
159,2016-11-19 23:30:00,2016-11-19 23:45:00,2,0.5
159,2016-11-20 23:30:00,2016-11-20 23:45:00,2,0.5
159,2016-11-21 23:30:00,2016-11-21 23:45:00,2,0.5
159,2016-11-22 23:30:00,2016-11-22 23:45:00,2,0.5
159,2016-11-23 23:30:00,2016-11-23 23:45:00,2,0.5
159,2016-11-24 23:30:00,2016-11-24 23:45:00,2,0.5
159,2016-11-25 23:30:00,2016-11-25 23:45:00,2,0.5
159,2016-11-26 23:30:00,2016-11-26 23:45:00,2,0.5
159,2016-11-27 23:30:00,2016-11-27 23:45:00,2,0.5
159,2016-11-28 23:30:00,2016-11-28 23:45:00,2,0.5
159,2016-11-29 23:30:00,2016-11-29 23:45:00,2,0.5
159,2016-11-30 23:30:00,2016-11-30 23:45:00,2,0.5
159,2016-12-01 23:30:00,2016-12-01 23:45:00,2,0.5
159,2016-12-02 23:30:00,2016-12-02 23:45:00,2,0.5
159,2016-12-03 23:30:00,2016-12-03 23:45:00,2,0.5
159,2016-12-04 23:30:00,2016-12-04 23:45:00,2,0.5
159,2016-12-05 23:30:00,2016-12-05 23:45:00,2,0.5
159,2016-12-06 23:30:00,2016-12-06 23:45:00,2,0.5
159,2016-12-07 23:30:00,2016-12-07 23:45:00,2,0.5
159,2016-12-08 23:30:00,2016-12-08 23:45:00,2,0.5
159,2016-12-09 23:30:00,2016-12-09 23:45:00,2,0.5
159,2016-12-10 23:30:00,2016-12-10 23:45:00,2,0.5
159,2016-12-11 23:30:00,2016-12-11 23:45:00,2,0.5
159,2016-12-12 23:30:00,2016-12-12 23:45:00,2,0.5
159,2016-12-13 23:30:00,2016-12-13 23:45:00,2,0.5
159,2016-12-14 23:30:00,2016-12-14 23:45:00,2,0.5
159,2016-12-15 23:30:00,2016-12-15 23:45:00,2,0.5
159,2016-12-16 23:30:00,2016-12-16 23:45:00,2,0.5
159,2016-12-17 23:30:00,2016-12-17 23:45:00,2,0.5
159,2016-12-18 23:30:00,2016-12-18 23:45:00,2,0.5
159,2016-12-19 23:30:00,2016-12-19 23:45:00,2,0.5
159,2016-12-20 23:30:00,2016-12-20 23:45:00,2,0.5
159,2016-12-21 23:30:00,2016-12-21 23:45:00,2,0.5
159,2016-12-22 23:30:00,2016-12-22 23:45:00,2,0.5
159,2016-12-23 23:30:00,2016-12-23 23:45:00,2,0.5
159,2016-12-24 23:30:00,2016-12-24 23:45:00,2,0.5
159,2016-12-25 23:30:00,2016-12-25 23:45:00,2,0.5
159,2016-12-26 23:30:00,2016-12-26 23:45:00,2,0.5
159,2016-12-27 23:30:00,2016-12-27 23:45:00,2,0.5
159,2016-12-28 23:30:00,2016-12-28 23:45:00,2,0.5
159,2016-12-29 23:30:00,2016-12-29 23:45:00,2,0.5
159,2016-12-30 23:30:00,2016-12-30 23:45:00,2,0.5
159,2016-12-31 23:30:00,2016-12-31 23:45:00,2,0.5
159,2017-01-01 23:30:00,2017-01-01 23:45:00,2,0.5
159,2017-01-02 23:30:00,2017-01-02 23:45:00,2,0.5
159,2017-01-03 23:30:00,2017-01-03 23:45:00,2,0.5
159,2017-01-04 23:30:00,2017-01-04 23:45:00,2,0.5
159,2017-01-05 23:30:00,2017-01-05 23:45:00,2,0.5
159,2017-01-06 23:30:00,2017-01-06 23:45:00,2,0.5
159,2017-01-07 23:30:00,2017-01-07 23:45:00,2,0.5
159,2017-01-08 23:30:00,2017-01-08 23:45:00,2,0.5
159,2017-01-09 23:30:00,2017-01-09 23:45:00,2,0.5
159,2017-01-10 23:30:00,2017-01-10 23:45:00,2,0.5
159,2017-01-11 23:30:00,2017-01-11 23:45:00,2,0.5
159,2017-01-12 23:30:00,2017-01-12 23:45:00,2,0.5
159,2017-01-13 23:30:00,2017-01-13 23:45:00,2,0.5
159,2017-01-14 23:30:00,2017-01-14 23:45:00,2,0.5
159,2017-01-15 23:30:00,2017-01-15 23:45:00,2,0.5
159,2017-01-16 23:30:00,2017-01-16 23:45:00,2,0.5
159,2017-01-17 23:30:00,2017-01-17 23:45:00,2,0.5
159,2017-01-18 23:30:00,2017-01-18 23:45:00,2,0.5
159,2017-01-19 23:30:00,2017-01-19 23:45:00,2,0.5
159,2017-01-20 23:30:00,2017-01-20 23:45:00,2,0.5
159,2017-01-21 23:30:00,2017-01-21 23:45:00,2,0.5
159,2017-01-22 23:30:00,2017-01-22 23:45:00,2,0.5
159,2017-01-23 23:30:00,2017-01-23 23:45:00,2,0.5
159,2017-01-24 23:30:00,2017-01-24 23:45:00,2,0.5
159,2017-01-25 23:30:00,2017-01-25 23:45:00,2,0.5
159,2017-01-26 23:30:00,2017-01-26 23:45:00,2,0.5
159,2017-01-27 23:30:00,2017-01-27 23:45:00,2,0.5
159,2017-01-28 23:30:00,2017-01-28 23:45:00,2,0.5
159,2017-01-29 23:30:00,2017-01-29 23:45:00,2,0.5
160,2016-03-27 23:00:00,2016-03-27 23:45:00,4,1.0
161,2016-03-27 23:00:00,2016-03-27 23:45:00,4,1.0
162,2016-03-27 23:00:00,2016-03-27 23:45:00,4,1.0
163,2016-03-27 23:00:00,2016-03-27 23:45:00,4,1.0
164,2016-03-27 23:00:00,2016-03-27 23:45:00,4,1.0
165,2016-03-27 23:00:00,2016-03-27 23:45:00,4,1.0
166,2016-03-27 23:00:00,2016-03-27 23:45:00,4,1.0
167,2016-03-27 23:00:00,2016-03-27 23:45:00,4,1.0
168,2016-03-27 23:00:00,2016-03-27 23:45:00,4,1.0
169,2016-03-27 23:00:00,2016-03-27 23:45:00,4,1.0
170,2016-03-27 23:00:00,2016-03-27 23:45:00,4,1.0
171,2016-03-27 23:00:00,2016-03-27 23:45:00,4,1.0
172,2016-03-27 23:00:00,2016-03-27 23:45:00,4,1.0
173,2016-03-27 23:00:00,2016-03-27 23:45:00,4,1.0
174,2016-03-27 23:00:00,2016-03-27 23:45:00,4,1.0
175,2016-03-27 23:00:00,2016-03-27 23:45:00,4,1.0
176,2016-03-27 23:00:00,2016-03-27 23:45:00,4,1.0
177,2016-03-27 23:00:00,2016-03-27 23:45:00,4,1.0
178,2016-03-27 23:00:00,2016-03-27 23:45:00,4,1.0
179,2016-03-27 23:00:00,2016-03-27 23:45:00,4,1.0
180,2016-03-27 23:00:00,2016-03-27 23:45:00,4,1.0
181,2016-03-27 23:00:00,2016-03-27 23:45:00,4,1.0
182,2016-03-27 23:00:00,2016-03-27 23:45:00,4,1.0
184,2016-03-27 23:00:00,2016-03-27 23:45:00,4,1.0
185,2016-03-27 23:00:00,2016-03-27 23:45:00,4,1.0
186,2016-03-27 23:00:00,2016-03-27 23:45:00,4,1.0
187,2016-03-27 23:00:00,2016-03-27 23:45:00,4,1.0
188,2016-03-27 23:00:00,2016-03-27 23:45:00,4,1.0
189,2016-03-27 23:00:00,2016-03-27 23:45:00,4,1.0
190,2016-03-27 23:00:00,2016-03-27 23:45:00,4,1.0
191,2016-03-27 23:00:00,2016-03-27 23:45:00,4,1.0
192,2016-03-27 23:00:00,2016-03-27 23:45:00,4,1.0
193,2016-03-27 23:00:00,2016-03-27 23:45:00,4,1.0
194,2016-03-27 23:00:00,2016-03-27 23:45:00,4,1.0
195,2016-03-27 23:00:00,2016-03-27 23:45:00,4,1.0
196,2016-03-27 23:00:00,2016-03-27 23:45:00,4,1.0
197,2016-03-27 23:00:00,2016-03-27 23:45:00,4,1.0
198,2016-03-27 23:00:00,2016-03-27 23:45:00,4,1.0
199,2016-03-27 23:00:00,2016-03-27 23:45:00,4,1.0
200,2016-03-27 23:00:00,2016-03-27 23:45:00,4,1.0
201,2016-03-27 23:00:00,2016-03-27 23:45:00,4,1.0
202,2016-03-27 23:00:00,2016-03-27 23:45:00,4,1.0
203,2016-03-27 23:00:00,2016-03-27 23:45:00,4,1.0
204,2016-03-27 23:00:00,2016-03-27 23:45:00,4,1.0
205,2016-03-27 23:00:00,2016-03-27 23:45:00,4,1.0
206,2016-03-27 23:00:00,2016-03-27 23:45:00,4,1.0
207,2016-03-27 23:00:00,2016-03-27 23:45:00,4,1.0
208,2016-03-27 23:00:00,2016-03-27 23:45:00,4,1.0
209,2016-03-27 23:00:00,2016-03-27 23:45:00,4,1.0
210,2016-03-27 23:00:00,2016-03-27 23:45:00,4,1.0
211,2016-03-27 23:00:00,2016-03-27 23:45:00,4,1.0
212,2016-03-27 23:00:00,2016-03-27 23:45:00,4,1.0
213,2016-03-27 23:00:00,2016-03-27 23:45:00,4,1.0
214,2016-03-27 23:00:00,2016-03-27 23:45:00,4,1.0
215,2016-03-27 23:00:00,2016-03-27 23:45:00,4,1.0
216,2016-03-27 23:00:00,2016-03-27 23:45:00,4,1.0
217,2016-03-27 23:00:00,2016-03-27 23:45:00,4,1.0
218,2016-03-27 23:00:00,2016-03-27 23:45:00,4,1.0
219,2016-03-27 23:00:00,2016-03-27 23:45:00,4,1.0
220,2016-03-27 23:00:00,2016-03-27 23:45:00,4,1.0
221,2016-03-27 23:00:00,2016-03-27 23:45:00,4,1.0
222,2016-03-27 23:00:00,2016-03-27 23:45:00,4,1.0
223,2016-03-27 23:00:00,2016-03-27 23:45:00,4,1.0
224,2016-03-27 23:00:00,2016-03-27 23:45:00,4,1.0
225,2016-03-27 23:00:00,2016-03-27 23:45:00,4,1.0
226,2016-03-27 23:00:00,2016-03-27 23:45:00,4,1.0
227,2016-03-27 23:00:00,2016-03-27 23:45:00,4,1.0
228,2016-03-27 23:00:00,2016-03-27 23:45:00,4,1.0
229,2016-03-27 23:00:00,2016-03-27 23:45:00,4,1.0
230,2016-03-27 23:00:00,2016-03-27 23:45:00,4,1.0
231,2016-03-27 23:00:00,2016-03-27 23:45:00,4,1.0
232,2016-03-27 23:00:00,2016-03-27 23:45:00,4,1.0
233,2016-03-27 23:00:00,2016-03-27 23:45:00,4,1.0
234,2016-03-27 23:00:00,2016-03-27 23:45:00,4,1.0
235,2016-03-27 23:00:00,2016-03-27 23:45:00,4,1.0
236,2016-03-27 23:00:00,2016-03-27 23:45:00,4,1.0
237,2016-03-27 23:00:00,2016-03-27 23:45:00,4,1.0
238,2016-03-27 23:00:00,2016-03-27 23:45:00,4,1.0
239,2016-03-27 23:00:00,2016-03-27 23:45:00,4,1.0
240,2016-03-27 23:00:00,2016-03-27 23:45:00,4,1.0
241,2016-03-27 23:00:00,2016-03-27 23:45:00,4,1.0
242,2016-03-27 23:00:00,2016-03-27 23:45:00,4,1.0
243,2016-03-27 23:00:00,2016-03-27 23:45:00,4,1.0
244,2016-03-27 23:00:00,2016-03-27 23:45:00,4,1.0
245,2016-03-27 23:00:00,2016-03-27 23:45:00,4,1.0
246,2016-03-27 23:00:00,2016-03-27 23:45:00,4,1.0
247,2016-03-27 23:00:00,2016-03-27 23:45:00,4,1.0
248,2016-03-27 23:00:00,2016-03-27 23:45:00,4,1.0
249,2016-03-27 23:00:00,2016-03-27 23:45:00,4,1.0
250,2016-03-27 23:00:00,2016-03-27 23:45:00,4,1.0
251,2016-03-27 23:00:00,2016-03-27 23:45:00,4,1.0
252,2016-03-27 23:00:00,2016-03-27 23:45:00,4,1.0
253,2016-03-27 23:00:00,2016-03-27 23:45:00,4,1.0
254,2016-03-27 23:00:00,2016-03-27 23:45:00,4,1.0
255,2016-03-27 23:00:00,2016-03-27 23:45:00,4,1.0
256,2016-03-27 23:00:00,2016-03-27 23:45:00,4,1.0
257,2016-03-27 23:00:00,2016-03-27 23:45:00,4,1.0
258,2016-03-27 23:00:00,2016-03-27 23:45:00,4,1.0
259,2016-03-27 23:00:00,2016-03-27 23:45:00,4,1.0
260,2016-03-27 23:00:00,2016-03-27 23:45:00,4,1.0
261,2016-03-27 23:00:00,2016-03-27 23:45:00,4,1.0
262,2016-03-27 23:00:00,2016-03-27 23:45:00,4,1.0
263,2016-03-27 23:00:00,2016-03-27 23:45:00,4,1.0
264,2016-03-27 23:00:00,2016-03-27 23:45:00,4,1.0
265,2016-03-27 23:00:00,2016-03-27 23:45:00,4,1.0
266,2016-03-27 23:00:00,2016-03-27 23:45:00,4,1.0
267,2016-03-27 23:00:00,2016-03-27 23:45:00,4,1.0
268,2016-03-27 23:00:00,2016-03-27 23:45:00,4,1.0
269,2016-03-27 23:00:00,2016-03-27 23:45:00,4,1.0
270,2016-03-27 23:00:00,2016-03-27 23:45:00,4,1.0
271,2016-03-27 23:00:00,2016-03-27 23:45:00,4,1.0
272,2016-03-27 23:00:00,2016-03-27 23:45:00,4,1.0
273,2016-03-27 23:00:00,2016-03-27 23:45:00,4,1.0
274,2016-03-27 23:00:00,2016-03-27 23:45:00,4,1.0
275,2016-03-27 23:00:00,2016-03-27 23:45:00,4,1.0
276,2016-03-27 23:00:00,2016-03-27 23:45:00,4,1.0
277,2016-03-27 23:00:00,2016-03-27 23:45:00,4,1.0
278,2016-03-27 23:00:00,2016-03-27 23:45:00,4,1.0
279,2016-03-27 23:00:00,2016-03-27 23:45:00,4,1.0
280,2016-03-27 23:00:00,2016-03-27 23:45:00,4,1.0
281,2016-03-27 23:00:00,2016-03-27 23:45:00,4,1.0
282,2016-03-27 23:00:00,2016-03-27 23:45:00,4,1.0
283,2016-03-27 23:00:00,2016-03-27 23:45:00,4,1.0
284,2016-03-27 23:00:00,2016-03-27 23:45:00,4,1.0
285,2016-03-27 23:00:00,2016-03-27 23:45:00,4,1.0
286,2016-03-27 23:00:00,2016-03-27 23:45:00,4,1.0
287,2016-03-27 23:00:00,2016-03-27 23:45:00,4,1.0
288,2016-03-27 23:00:00,2016-03-27 23:45:00,4,1.0
289,2016-03-27 23:00:00,2016-03-27 23:45:00,4,1.0
290,2016-03-27 23:00:00,2016-03-27 23:45:00,4,1.0
291,2016-03-27 23:00:00,2016-03-27 23:45:00,4,1.0
292,2016-03-27 23:00:00,2016-03-27 23:45:00,4,1.0
293,2016-03-27 23:00:00,2016-03-27 23:45:00,4,1.0
294,2016-03-27 23:00:00,2016-03-27 23:45:00,4,1.0
295,2016-03-27 23:00:00,2016-03-27 23:45:00,4,1.0
296,2016-03-27 23:00:00,2016-03-27 23:45:00,4,1.0
297,2016-03-27 23:00:00,2016-03-27 23:45:00,4,1.0
298,2016-03-27 23:00:00,2016-03-27 23:45:00,4,1.0
299,2016-03-27 23:00:00,2016-03-27 23:45:00,4,1.0
300,2016-03-27 23:00:00,2016-03-27 23:45:00,4,1.0
301,2016-03-27 23:00:00,2016-03-27 23:45:00,4,1.0
302,2016-03-27 23:00:00,2016-03-27 23:45:00,4,1.0
303,2016-03-27 23:00:00,2016-03-27 23:45:00,4,1.0
304,2016-03-27 23:00:00,2016-03-27 23:45:00,4,1.0
305,2016-03-27 23:00:00,2016-03-27 23:45:00,4,1.0
306,2016-03-27 23:00:00,2016-03-27 23:45:00,4,1.0
307,2016-03-27 23:00:00,2016-03-27 23:45:00,4,1.0
308,2016-03-27 23:00:00,2016-03-27 23:45:00,4,1.0
309,2016-03-27 23:00:00,2016-03-27 23:45:00,4,1.0
310,2016-03-27 23:00:00,2016-03-27 23:45:00,4,1.0
312,2016-03-27 23:00:00,2016-03-27 23:45:00,4,1.0
313,2016-03-27 23:00:00,2016-03-27 23:45:00,4,1.0
314,2016-03-27 23:00:00,2016-03-27 23:45:00,4,1.0
315,2016-03-27 23:00:00,2016-03-27 23:45:00,4,1.0
316,2016-03-27 23:00:00,2016-03-27 23:45:00,4,1.0
317,2016-03-27 23:00:00,2016-03-27 23:45:00,4,1.0
318,2016-03-27 23:00:00,2016-03-27 23:45:00,4,1.0
319,2016-03-27 23:00:00,2016-03-27 23:45:00,4,1.0
320,2016-03-27 23:00:00,2016-03-27 23:45:00,4,1.0
321,2016-03-27 23:00:00,2016-03-27 23:45:00,4,1.0
322,2016-03-27 23:00:00,2016-03-27 23:45:00,4,1.0
323,2016-03-27 23:00:00,2016-03-27 23:45:00,4,1.0
324,2016-03-27 23:00:00,2016-03-27 23:45:00,4,1.0
325,2016-03-27 23:00:00,2016-03-27 23:45:00,4,1.0
326,2016-03-27 23:00:00,2016-03-27 23:45:00,4,1.0
327,2016-03-27 23:00:00,2016-03-27 23:45:00,4,1.0
328,2016-03-27 23:00:00,2016-03-27 23:45:00,4,1.0
329,2016-03-27 23:00:00,2016-03-27 23:45:00,4,1.0
330,2016-03-27 23:00:00,2016-03-27 23:45:00,4,1.0
331,2016-03-27 23:00:00,2016-03-27 23:45:00,4,1.0
332,2016-03-27 23:00:00,2016-03-27 23:45:00,4,1.0
333,2016-03-27 23:00:00,2016-03-27 23:45:00,4,1.0
334,2016-03-27 23:00:00,2016-03-27 23:45:00,4,1.0
335,2016-03-27 23:00:00,2016-03-27 23:45:00,4,1.0
336,2016-03-27 23:00:00,2016-03-27 23:45:00,4,1.0
337,2016-03-27 23:00:00,2016-03-27 23:45:00,4,1.0
338,2016-03-27 23:00:00,2016-03-27 23:45:00,4,1.0
339,2016-03-27 23:00:00,2016-03-27 23:45:00,4,1.0
340,2016-03-27 23:00:00,2016-03-27 23:45:00,4,1.0
341,2016-03-27 23:00:00,2016-03-27 23:45:00,4,1.0
342,2016-03-27 23:00:00,2016-03-27 23:45:00,4,1.0
343,2016-03-27 23:00:00,2016-03-27 23:45:00,4,1.0
344,2016-03-27 23:00:00,2016-03-27 23:45:00,4,1.0
345,2016-03-27 23:00:00,2016-03-27 23:45:00,4,1.0
346,2016-03-27 23:00:00,2016-03-27 23:45:00,4,1.0
347,2016-03-27 23:00:00,2016-03-27 23:45:00,4,1.0
348,2016-03-27 23:00:00,2016-03-27 23:45:00,4,1.0
349,2016-03-27 23:00:00,2016-03-27 23:45:00,4,1.0
350,2016-03-27 23:00:00,2016-03-27 23:45:00,4,1.0
351,2016-03-27 23:00:00,2016-03-27 23:45:00,4,1.0
352,2016-03-27 23:00:00,2016-03-27 23:45:00,4,1.0
353,2016-03-27 23:00:00,2016-03-27 23:45:00,4,1.0
354,2016-03-27 23:00:00,2016-03-27 23:45:00,4,1.0
355,2016-03-27 23:00:00,2016-03-27 23:45:00,4,1.0
356,2016-03-27 23:00:00,2016-03-27 23:45:00,4,1.0
357,2016-03-27 23:00:00,2016-03-27 23:45:00,4,1.0
358,2016-03-27 23:00:00,2016-03-27 23:45:00,4,1.0
359,2016-03-27 23:00:00,2016-03-27 23:45:00,4,1.0
360,2016-03-27 23:00:00,2016-03-27 23:45:00,4,1.0
361,2016-03-27 23:00:00,2016-03-27 23:45:00,4,1.0
362,2016-03-27 23:00:00,2016-03-27 23:45:00,4,1.0
363,2016-03-27 23:00:00,2016-03-27 23:45:00,4,1.0
364,2016-03-27 23:00:00,2016-03-27 23:45:00,4,1.0
365,2016-03-27 23:00:00,2016-03-27 23:45:00,4,1.0
366,2016-03-27 23:00:00,2016-03-27 23:45:00,4,1.0
367,2016-03-27 23:00:00,2016-03-27 23:45:00,4,1.0
368,2016-03-27 23:00:00,2016-03-27 23:45:00,4,1.0
369,2016-03-27 23:00:00,2016-03-27 23:45:00,4,1.0
370,2016-03-27 23:00:00,2016-03-27 23:45:00,4,1.0
371,2016-03-27 23:00:00,2016-03-27 23:45:00,4,1.0
372,2016-03-27 23:00:00,2016-03-27 23:45:00,4,1.0
373,2016-03-27 23:00:00,2016-03-27 23:45:00,4,1.0
374,2016-03-27 23:00:00,2016-03-27 23:45:00,4,1.0
375,2016-03-27 23:00:00,2016-03-27 23:45:00,4,1.0
376,2016-03-27 23:00:00,2016-03-27 23:45:00,4,1.0
377,2016-03-27 23:00:00,2016-03-27 23:45:00,4,1.0
378,2016-03-27 23:00:00,2016-03-27 23:45:00,4,1.0
379,2016-03-27 23:00:00,2016-03-27 23:45:00,4,1.0
380,2016-03-27 23:00:00,2016-03-27 23:45:00,4,1.0
381,2016-03-27 23:00:00,2016-03-27 23:45:00,4,1.0
382,2016-03-27 23:00:00,2016-03-27 23:45:00,4,1.0
383,2016-03-27 23:00:00,2016-03-27 23:45:00,4,1.0
384,2016-03-27 23:00:00,2016-03-27 23:45:00,4,1.0
385,2016-03-27 23:00:00,2016-03-27 23:45:00,4,1.0
386,2016-03-27 23:00:00,2016-03-27 23:45:00,4,1.0
387,2016-03-27 23:00:00,2016-03-27 23:45:00,4,1.0
388,2016-03-27 23:00:00,2016-03-27 23:45:00,4,1.0
389,2016-03-27 23:00:00,2016-03-27 23:45:00,4,1.0
390,2016-03-27 23:00:00,2016-03-27 23:45:00,4,1.0
391,2016-03-27 23:00:00,2016-03-27 23:45:00,4,1.0
392,2016-03-27 23:00:00,2016-03-27 23:45:00,4,1.0
393,2016-03-27 23:00:00,2016-03-27 23:45:00,4,1.0
394,2016-03-27 23:00:00,2016-03-27 23:45:00,4,1.0
395,2016-03-27 23:00:00,2016-03-27 23:45:00,4,1.0
396,2016-03-27 23:00:00,2016-03-27 23:45:00,4,1.0
397,2016-03-27 23:00:00,2016-03-27 23:45:00,4,1.0
398,2016-03-27 23:00:00,2016-03-27 23:45:00,4,1.0
399,2016-03-27 23:00:00,2016-03-27 23:45:00,4,1.0
400,2016-03-27 23:00:00,2016-03-27 23:45:00,4,1.0
401,2016-03-27 23:00:00,2016-03-27 23:45:00,4,1.0
402,2016-03-27 23:00:00,2016-03-27 23:45:00,4,1.0
403,2016-03-27 23:00:00,2016-03-27 23:45:00,4,1.0
404,2016-03-27 23:00:00,2016-03-27 23:45:00,4,1.0
405,2016-03-27 23:00:00,2016-03-27 23:45:00,4,1.0
406,2016-03-27 23:00:00,2016-03-27 23:45:00,4,1.0
407,2016-03-27 23:00:00,2016-03-27 23:45:00,4,1.0
408,2016-03-27 23:00:00,2016-03-27 23:45:00,4,1.0
409,2016-03-27 23:00:00,2016-03-27 23:45:00,4,1.0
410,2016-03-27 23:00:00,2016-03-27 23:45:00,4,1.0
411,2016-03-27 23:00:00,2016-03-27 23:45:00,4,1.0
412,2016-03-27 23:00:00,2016-03-27 23:45:00,4,1.0
413,2016-03-27 23:00:00,2016-03-27 23:45:00,4,1.0
414,2016-03-27 23:00:00,2016-03-27 23:45:00,4,1.0
415,2016-03-27 23:00:00,2016-03-27 23:45:00,4,1.0
416,2016-03-27 23:00:00,2016-03-27 23:45:00,4,1.0
417,2016-03-27 23:00:00,2016-03-27 23:45:00,4,1.0
418,2016-03-27 23:00:00,2016-03-27 23:45:00,4,1.0
419,2016-03-27 23:00:00,2016-03-27 23:45:00,4,1.0
420,2016-03-27 23:00:00,2016-03-27 23:45:00,4,1.0
421,2016-03-27 23:00:00,2016-03-27 23:45:00,4,1.0
422,2016-03-27 23:00:00,2016-03-27 23:45:00,4,1.0
423,2016-03-27 23:00:00,2016-03-27 23:45:00,4,1.0
424,2016-03-27 23:00:00,2016-03-27 23:45:00,4,1.0
425,2016-03-27 23:00:00,2016-03-27 23:45:00,4,1.0
426,2016-03-27 23:00:00,2016-03-27 23:45:00,4,1.0
427,2016-03-27 23:00:00,2016-03-27 23:45:00,4,1.0
428,2016-03-27 23:00:00,2016-03-27 23:45:00,4,1.0
429,2016-03-27 23:00:00,2016-03-27 23:45:00,4,1.0
430,2016-03-27 23:00:00,2016-03-27 23:45:00,4,1.0
431,2016-03-27 23:00:00,2016-03-27 23:45:00,4,1.0
432,2016-03-27 23:00:00,2016-03-27 23:45:00,4,1.0
433,2016-03-27 23:00:00,2016-03-27 23:45:00,4,1.0
434,2016-03-27 23:00:00,2016-03-27 23:45:00,4,1.0
435,2016-03-27 23:00:00,2016-03-27 23:45:00,4,1.0
436,2016-03-27 23:00:00,2016-03-27 23:45:00,4,1.0
437,2016-03-27 23:00:00,2016-03-27 23:45:00,4,1.0
438,2016-03-27 23:00:00,2016-03-27 23:45:00,4,1.0
439,2016-03-27 23:00:00,2016-03-27 23:45:00,4,1.0
440,2016-03-27 23:00:00,2016-03-27 23:45:00,4,1.0
441,2016-03-27 23:00:00,2016-03-27 23:45:00,4,1.0
442,2016-03-27 23:00:00,2016-03-27 23:45:00,4,1.0
443,2016-03-27 23:00:00,2016-03-27 23:45:00,4,1.0
444,2016-03-27 23:00:00,2016-03-27 23:45:00,4,1.0
445,2016-03-27 23:00:00,2016-03-27 23:45:00,4,1.0
446,2016-03-27 23:00:00,2016-03-27 23:45:00,4,1.0
447,2016-03-27 23:00:00,2016-03-27 23:45:00,4,1.0
448,2016-03-27 23:00:00,2016-03-27 23:45:00,4,1.0
449,2016-03-27 23:00:00,2016-03-27 23:45:00,4,1.0
450,2016-03-27 23:00:00,2016-03-27 23:45:00,4,1.0
451,2016-03-27 23:00:00,2016-03-27 23:45:00,4,1.0
452,2016-03-27 23:00:00,2016-03-27 23:45:00,4,1.0
453,2016-03-27 23:00:00,2016-03-27 23:45:00,4,1.0
454,2016-03-27 23:00:00,2016-03-27 23:45:00,4,1.0
455,2016-03-27 23:00:00,2016-03-27 23:45:00,4,1.0
456,2016-03-27 23:00:00,2016-03-27 23:45:00,4,1.0
457,2016-03-27 23:00:00,2016-03-27 23:45:00,4,1.0
458,2016-03-27 23:00:00,2016-03-27 23:45:00,4,1.0
459,2016-03-27 23:00:00,2016-03-27 23:45:00,4,1.0
460,2016-03-27 23:00:00,2016-03-27 23:45:00,4,1.0
461,2016-03-27 23:00:00,2016-03-27 23:45:00,4,1.0
462,2016-03-27 23:00:00,2016-03-27 23:45:00,4,1.0
463,2016-03-27 23:00:00,2016-03-27 23:45:00,4,1.0
464,2016-03-27 23:00:00,2016-03-27 23:45:00,4,1.0
465,2016-03-27 23:00:00,2016-03-27 23:45:00,4,1.0
466,2016-03-27 23:00:00,2016-03-27 23:45:00,4,1.0
467,2016-03-27 23:00:00,2016-03-27 23:45:00,4,1.0
468,2016-03-27 23:00:00,2016-03-27 23:45:00,4,1.0
469,2016-03-27 23:00:00,2016-03-27 23:45:00,4,1.0
470,2016-03-27 23:00:00,2016-03-27 23:45:00,4,1.0
471,2016-03-27 23:00:00,2016-03-27 23:45:00,4,1.0
472,2016-03-27 23:00:00,2016-03-27 23:45:00,4,1.0
473,2016-03-27 23:00:00,2016-03-27 23:45:00,4,1.0
474,2016-03-27 23:00:00,2016-03-27 23:45:00,4,1.0
475,2016-03-27 23:00:00,2016-03-27 23:45:00,4,1.0
476,2016-03-27 23:00:00,2016-03-27 23:45:00,4,1.0
477,2016-03-27 23:00:00,2016-03-27 23:45:00,4,1.0
478,2016-03-27 23:00:00,2016-03-27 23:45:00,4,1.0
479,2016-03-27 23:00:00,2016-03-27 23:45:00,4,1.0
480,2016-03-27 23:00:00,2016-03-27 23:45:00,4,1.0
481,2016-03-27 23:00:00,2016-03-27 23:45:00,4,1.0
482,2016-03-27 23:00:00,2016-03-27 23:45:00,4,1.0
483,2016-03-27 23:00:00,2016-03-27 23:45:00,4,1.0
484,2016-03-27 23:00:00,2016-03-27 23:45:00,4,1.0
485,2016-03-27 23:00:00,2016-03-27 23:45:00,4,1.0
486,2016-03-27 23:00:00,2016-03-27 23:45:00,4,1.0
487,2016-03-27 23:00:00,2016-03-27 23:45:00,4,1.0
488,2016-03-27 23:00:00,2016-03-27 23:45:00,4,1.0
489,2016-03-27 23:00:00,2016-03-27 23:45:00,4,1.0
490,2016-03-27 23:00:00,2016-03-27 23:45:00,4,1.0
491,2016-03-27 23:00:00,2016-03-27 23:45:00,4,1.0
492,2016-03-27 23:00:00,2016-03-27 23:45:00,4,1.0
493,2016-03-27 23:00:00,2016-03-27 23:45:00,4,1.0
494,2016-03-27 23:00:00,2016-03-27 23:45:00,4,1.0
495,2016-03-27 23:00:00,2016-03-27 23:45:00,4,1.0
496,2016-03-27 23:00:00,2016-03-27 23:45:00,4,1.0
497,2016-03-27 23:00:00,2016-03-27 23:45:00,4,1.0
498,2016-03-27 23:00:00,2016-03-27 23:45:00,4,1.0
499,2016-03-27 23:00:00,2016-03-27 23:45:00,4,1.0
500,2016-03-27 23:00:00,2016-03-27 23:45:00,4,1.0
501,2016-03-27 23:00:00,2016-03-27 23:45:00,4,1.0
502,2016-03-27 23:00:00,2016-03-27 23:45:00,4,1.0
503,2016-03-27 23:00:00,2016-03-27 23:45:00,4,1.0
504,2016-03-27 23:00:00,2016-03-27 23:45:00,4,1.0
505,2016-03-27 23:00:00,2016-03-27 23:45:00,4,1.0
506,2016-03-27 23:00:00,2016-03-27 23:45:00,4,1.0
507,2016-03-27 23:00:00,2016-03-27 23:45:00,4,1.0
508,2016-03-27 23:00:00,2016-03-27 23:45:00,4,1.0
509,2016-03-27 23:00:00,2016-03-27 23:45:00,4,1.0
510,2016-03-27 23:00:00,2016-03-27 23:45:00,4,1.0
511,2016-03-27 23:00:00,2016-03-27 23:45:00,4,1.0
512,2016-03-27 23:00:00,2016-03-27 23:45:00,4,1.0
513,2016-03-27 23:00:00,2016-03-27 23:45:00,4,1.0
514,2016-03-27 23:00:00,2016-03-27 23:45:00,4,1.0
515,2016-03-27 23:00:00,2016-03-27 23:45:00,4,1.0
516,2016-03-27 23:00:00,2016-03-27 23:45:00,4,1.0
517,2016-03-27 23:00:00,2016-03-27 23:45:00,4,1.0
518,2016-03-27 23:00:00,2016-03-27 23:45:00,4,1.0
519,2016-03-27 23:00:00,2016-03-27 23:45:00,4,1.0
520,2016-03-27 23:00:00,2016-03-27 23:45:00,4,1.0
521,2016-03-27 23:00:00,2016-03-27 23:45:00,4,1.0
522,2016-03-27 23:00:00,2016-03-27 23:45:00,4,1.0
523,2016-03-27 23:00:00,2016-03-27 23:45:00,4,1.0
524,2016-03-27 23:00:00,2016-03-27 23:45:00,4,1.0
525,2016-03-27 23:00:00,2016-03-27 23:45:00,4,1.0
526,2016-03-27 23:00:00,2016-03-27 23:45:00,4,1.0
527,2016-03-27 23:00:00,2016-03-27 23:45:00,4,1.0
528,2016-03-27 23:00:00,2016-03-27 23:45:00,4,1.0
529,2016-03-27 23:00:00,2016-03-27 23:45:00,4,1.0
530,2016-03-27 23:00:00,2016-03-27 23:45:00,4,1.0
531,2016-03-27 23:00:00,2016-03-27 23:45:00,4,1.0
532,2016-03-27 23:00:00,2016-03-27 23:45:00,4,1.0
533,2016-03-27 23:00:00,2016-03-27 23:45:00,4,1.0
534,2016-03-27 23:00:00,2016-03-27 23:45:00,4,1.0
535,2016-03-27 23:00:00,2016-03-27 23:45:00,4,1.0
536,2016-03-27 23:00:00,2016-03-27 23:45:00,4,1.0
537,2016-03-27 23:00:00,2016-03-27 23:45:00,4,1.0
538,2016-03-27 23:00:00,2016-03-27 23:45:00,4,1.0
539,2016-03-27 23:00:00,2016-03-27 23:45:00,4,1.0
540,2016-03-27 23:00:00,2016-03-27 23:45:00,4,1.0
541,2016-03-27 23:00:00,2016-03-27 23:45:00,4,1.0
542,2016-03-27 23:00:00,2016-03-27 23:45:00,4,1.0
543,2016-03-27 23:00:00,2016-03-27 23:45:00,4,1.0
544,2016-03-27 23:00:00,2016-03-27 23:45:00,4,1.0
545,2016-03-27 23:00:00,2016-03-27 23:45:00,4,1.0
546,2016-03-27 23:00:00,2016-03-27 23:45:00,4,1.0
547,2016-03-27 23:00:00,2016-03-27 23:45:00,4,1.0
548,2016-03-27 23:00:00,2016-03-27 23:45:00,4,1.0
549,2016-03-27 23:00:00,2016-03-27 23:45:00,4,1.0
550,2016-03-27 23:00:00,2016-03-27 23:45:00,4,1.0
551,2016-03-27 23:00:00,2016-03-27 23:45:00,4,1.0
552,2016-03-27 23:00:00,2016-03-27 23:45:00,4,1.0
553,2016-03-27 23:00:00,2016-03-27 23:45:00,4,1.0
554,2016-03-27 23:00:00,2016-03-27 23:45:00,4,1.0
555,2016-03-27 23:00:00,2016-03-27 23:45:00,4,1.0
556,2016-03-27 23:00:00,2016-03-27 23:45:00,4,1.0
557,2016-03-27 23:00:00,2016-03-27 23:45:00,4,1.0
558,2016-03-27 23:00:00,2016-03-27 23:45:00,4,1.0
559,2016-03-27 23:00:00,2016-03-27 23:45:00,4,1.0
560,2016-03-27 23:00:00,2016-03-27 23:45:00,4,1.0
561,2016-03-27 23:00:00,2016-03-27 23:45:00,4,1.0
562,2016-03-27 23:00:00,2016-03-27 23:45:00,4,1.0
563,2016-03-27 23:00:00,2016-03-27 23:45:00,4,1.0
564,2016-03-27 23:00:00,2016-03-27 23:45:00,4,1.0
565,2016-03-27 23:00:00,2016-03-27 23:45:00,4,1.0
566,2016-03-27 23:00:00,2016-03-27 23:45:00,4,1.0
567,2016-03-27 23:00:00,2016-03-27 23:45:00,4,1.0
568,2016-03-27 23:00:00,2016-03-27 23:45:00,4,1.0
569,2016-03-27 23:00:00,2016-03-27 23:45:00,4,1.0
570,2016-03-27 23:00:00,2016-03-27 23:45:00,4,1.0
571,2016-03-27 23:00:00,2016-03-27 23:45:00,4,1.0
572,2016-03-27 23:00:00,2016-03-27 23:45:00,4,1.0
573,2016-03-27 23:00:00,2016-03-27 23:45:00,4,1.0
574,2016-03-27 23:00:00,2016-03-27 23:45:00,4,1.0
575,2016-03-27 23:00:00,2016-03-27 23:45:00,4,1.0
576,2016-03-27 23:00:00,2016-03-27 23:45:00,4,1.0
577,2016-03-27 23:00:00,2016-03-27 23:45:00,4,1.0
578,2016-03-27 23:00:00,2016-03-27 23:45:00,4,1.0
579,2016-03-27 23:00:00,2016-03-27 23:45:00,4,1.0
580,2016-03-27 23:00:00,2016-03-27 23:45:00,4,1.0
581,2016-03-27 23:00:00,2016-03-27 23:45:00,4,1.0
582,2016-03-27 23:00:00,2016-03-27 23:45:00,4,1.0
583,2016-03-27 23:00:00,2016-03-27 23:45:00,4,1.0
584,2016-03-27 23:00:00,2016-03-27 23:45:00,4,1.0
585,2016-03-27 23:00:00,2016-03-27 23:45:00,4,1.0
586,2016-03-27 23:00:00,2016-03-27 23:45:00,4,1.0
587,2016-03-27 23:00:00,2016-03-27 23:45:00,4,1.0
588,2016-03-27 23:00:00,2016-03-27 23:45:00,4,1.0
589,2016-03-27 23:00:00,2016-03-27 23:45:00,4,1.0
590,2016-03-27 23:00:00,2016-03-27 23:45:00,4,1.0
591,2016-03-27 23:00:00,2016-03-27 23:45:00,4,1.0
592,2016-03-27 23:00:00,2016-03-27 23:45:00,4,1.0
593,2016-03-27 23:00:00,2016-03-27 23:45:00,4,1.0
594,2016-03-27 23:00:00,2016-03-27 23:45:00,4,1.0
595,2016-03-27 23:00:00,2016-03-27 23:45:00,4,1.0
596,2016-03-27 23:00:00,2016-03-27 23:45:00,4,1.0
597,2016-03-27 23:00:00,2016-03-27 23:45:00,4,1.0
598,2016-03-27 23:00:00,2016-03-27 23:45:00,4,1.0
599,2016-03-27 23:00:00,2016-03-27 23:45:00,4,1.0
600,2016-03-27 23:00:00,2016-03-27 23:45:00,4,1.0
601,2016-03-27 23:00:00,2016-03-27 23:45:00,4,1.0
602,2016-03-27 23:00:00,2016-03-27 23:45:00,4,1.0
603,2016-03-27 23:00:00,2016-03-27 23:45:00,4,1.0
604,2016-03-27 23:00:00,2016-03-27 23:45:00,4,1.0
605,2016-03-27 23:00:00,2016-03-27 23:45:00,4,1.0
606,2016-03-27 23:00:00,2016-03-27 23:45:00,4,1.0
607,2016-03-27 23:00:00,2016-03-27 23:45:00,4,1.0
608,2016-03-27 23:00:00,2016-03-27 23:45:00,4,1.0
609,2016-03-27 23:00:00,2016-03-27 23:45:00,4,1.0
610,2016-03-27 23:00:00,2016-03-27 23:45:00,4,1.0
611,2016-03-27 23:00:00,2016-03-27 23:45:00,4,1.0
612,2016-03-27 23:00:00,2016-03-27 23:45:00,4,1.0
613,2016-03-27 23:00:00,2016-03-27 23:45:00,4,1.0
614,2016-03-27 23:00:00,2016-03-27 23:45:00,4,1.0
615,2016-03-27 23:00:00,2016-03-27 23:45:00,4,1.0
616,2016-03-27 23:00:00,2016-03-27 23:45:00,4,1.0
617,2016-03-27 23:00:00,2016-03-27 23:45:00,4,1.0
618,2016-03-27 23:00:00,2016-03-27 23:45:00,4,1.0
619,2016-03-27 23:00:00,2016-03-27 23:45:00,4,1.0
620,2016-03-27 23:00:00,2016-03-27 23:45:00,4,1.0
621,2016-03-27 23:00:00,2016-03-27 23:45:00,4,1.0
622,2016-03-27 23:00:00,2016-03-27 23:45:00,4,1.0
623,2016-03-27 23:00:00,2016-03-27 23:45:00,4,1.0
624,2016-03-27 23:00:00,2016-03-27 23:45:00,4,1.0
625,2016-03-27 23:00:00,2016-03-27 23:45:00,4,1.0
626,2016-03-27 23:00:00,2016-03-27 23:45:00,4,1.0
627,2016-03-27 23:00:00,2016-03-27 23:45:00,4,1.0
628,2016-03-27 23:00:00,2016-03-27 23:45:00,4,1.0
629,2016-03-27 23:00:00,2016-03-27 23:45:00,4,1.0
630,2016-03-27 23:00:00,2016-03-27 23:45:00,4,1.0
631,2016-03-27 23:00:00,2016-03-27 23:45:00,4,1.0
632,2016-03-27 23:00:00,2016-03-27 23:45:00,4,1.0
633,2016-03-27 23:00:00,2016-03-27 23:45:00,4,1.0
634,2016-03-27 23:00:00,2016-03-27 23:45:00,4,1.0
635,2016-03-27 23:00:00,2016-03-27 23:45:00,4,1.0
636,2016-03-27 23:00:00,2016-03-27 23:45:00,4,1.0
637,2016-03-27 23:00:00,2016-03-27 23:45:00,4,1.0
638,2016-03-27 23:00:00,2016-03-27 23:45:00,4,1.0
639,2016-03-27 23:00:00,2016-03-27 23:45:00,4,1.0
640,2016-03-27 23:00:00,2016-03-27 23:45:00,4,1.0
641,2016-03-27 23:00:00,2016-03-27 23:45:00,4,1.0
642,2016-03-27 23:00:00,2016-03-27 23:45:00,4,1.0
643,2016-03-27 23:00:00,2016-03-27 23:45:00,4,1.0
644,2016-03-27 23:00:00,2016-03-27 23:45:00,4,1.0
645,2016-03-27 23:00:00,2016-03-27 23:45:00,4,1.0
646,2016-03-27 23:00:00,2016-03-27 23:45:00,4,1.0
647,2016-03-27 23:00:00,2016-03-27 23:45:00,4,1.0
648,2016-03-27 23:00:00,2016-03-27 23:45:00,4,1.0
649,2016-03-27 23:00:00,2016-03-27 23:45:00,4,1.0
650,2016-03-27 23:00:00,2016-03-27 23:45:00,4,1.0
651,2016-03-27 23:00:00,2016-03-27 23:45:00,4,1.0
652,2016-03-27 23:00:00,2016-03-27 23:45:00,4,1.0
653,2016-03-27 23:00:00,2016-03-27 23:45:00,4,1.0
654,2016-03-27 23:00:00,2016-03-27 23:45:00,4,1.0
655,2016-03-27 23:00:00,2016-03-27 23:45:00,4,1.0
656,2016-03-27 23:00:00,2016-03-27 23:45:00,4,1.0
657,2016-03-27 23:00:00,2016-03-27 23:45:00,4,1.0
658,2016-03-27 23:00:00,2016-03-27 23:45:00,4,1.0
659,2016-03-27 23:00:00,2016-03-27 23:45:00,4,1.0
660,2016-03-27 23:00:00,2016-03-27 23:45:00,4,1.0
661,2016-03-27 23:00:00,2016-03-27 23:45:00,4,1.0
662,2016-03-27 23:00:00,2016-03-27 23:45:00,4,1.0
663,2016-03-27 23:00:00,2016-03-27 23:45:00,4,1.0
664,2016-03-27 23:00:00,2016-03-27 23:45:00,4,1.0
665,2016-03-27 23:00:00,2016-03-27 23:45:00,4,1.0
666,2016-03-27 23:00:00,2016-03-27 23:45:00,4,1.0
667,2016-03-27 23:00:00,2016-03-27 23:45:00,4,1.0
668,2016-03-27 23:00:00,2016-03-27 23:45:00,4,1.0
669,2016-03-27 23:00:00,2016-03-27 23:45:00,4,1.0
670,2016-03-27 23:00:00,2016-03-27 23:45:00,4,1.0
671,2016-03-27 23:00:00,2016-03-27 23:45:00,4,1.0
672,2016-03-27 23:00:00,2016-03-27 23:45:00,4,1.0
673,2016-03-27 23:00:00,2016-03-27 23:45:00,4,1.0
674,2016-03-27 23:00:00,2016-03-27 23:45:00,4,1.0
675,2016-03-27 23:00:00,2016-03-27 23:45:00,4,1.0
676,2016-03-27 23:00:00,2016-03-27 23:45:00,4,1.0
677,2016-03-27 23:00:00,2016-03-27 23:45:00,4,1.0
678,2016-03-27 23:00:00,2016-03-27 23:45:00,4,1.0
679,2016-03-27 23:00:00,2016-03-27 23:45:00,4,1.0
680,2016-03-27 23:00:00,2016-03-27 23:45:00,4,1.0
681,2016-03-27 23:00:00,2016-03-27 23:45:00,4,1.0
682,2016-03-27 23:00:00,2016-03-27 23:45:00,4,1.0
683,2016-03-27 23:00:00,2016-03-27 23:45:00,4,1.0
684,2016-03-27 23:00:00,2016-03-27 23:45:00,4,1.0
685,2016-03-27 23:00:00,2016-03-27 23:45:00,4,1.0
686,2016-03-27 23:00:00,2016-03-27 23:45:00,4,1.0
687,2016-03-27 23:00:00,2016-03-27 23:45:00,4,1.0
688,2016-03-27 23:00:00,2016-03-27 23:45:00,4,1.0
689,2016-03-27 23:00:00,2016-03-27 23:45:00,4,1.0
690,2016-03-27 23:00:00,2016-03-27 23:45:00,4,1.0
691,2016-03-27 23:00:00,2016-03-27 23:45:00,4,1.0
692,2016-03-27 23:00:00,2016-03-27 23:45:00,4,1.0
693,2016-03-27 23:00:00,2016-03-27 23:45:00,4,1.0
694,2016-03-27 23:00:00,2016-03-27 23:45:00,4,1.0
695,2016-03-27 23:00:00,2016-03-27 23:45:00,4,1.0
696,2016-03-27 23:00:00,2016-03-27 23:45:00,4,1.0
697,2016-03-27 23:00:00,2016-03-27 23:45:00,4,1.0
698,2016-03-27 23:00:00,2016-03-27 23:45:00,4,1.0
699,2016-03-27 23:00:00,2016-03-27 23:45:00,4,1.0
700,2016-03-27 23:00:00,2016-03-27 23:45:00,4,1.0
701,2016-03-27 23:00:00,2016-03-27 23:45:00,4,1.0
702,2016-03-27 23:00:00,2016-03-27 23:45:00,4,1.0
703,2016-03-27 23:00:00,2016-03-27 23:45:00,4,1.0
704,2016-03-27 23:00:00,2016-03-27 23:45:00,4,1.0
705,2016-03-27 23:00:00,2016-03-27 23:45:00,4,1.0
706,2016-03-27 23:00:00,2016-03-27 23:45:00,4,1.0
707,2016-03-27 23:00:00,2016-03-27 23:45:00,4,1.0
708,2016-03-27 23:00:00,2016-03-27 23:45:00,4,1.0
709,2016-03-27 23:00:00,2016-03-27 23:45:00,4,1.0
710,2016-03-27 23:00:00,2016-03-27 23:45:00,4,1.0
711,2016-03-27 23:00:00,2016-03-27 23:45:00,4,1.0
712,2016-03-27 23:00:00,2016-03-27 23:45:00,4,1.0
713,2016-03-27 23:00:00,2016-03-27 23:45:00,4,1.0
714,2016-03-27 23:00:00,2016-03-27 23:45:00,4,1.0
715,2016-03-27 23:00:00,2016-03-27 23:45:00,4,1.0
716,2016-03-27 23:00:00,2016-03-27 23:45:00,4,1.0
717,2016-03-27 23:00:00,2016-03-27 23:45:00,4,1.0
718,2016-03-27 23:00:00,2016-03-27 23:45:00,4,1.0
719,2016-03-27 23:00:00,2016-03-27 23:45:00,4,1.0
720,2016-03-27 23:00:00,2016-03-27 23:45:00,4,1.0
721,2016-03-27 23:00:00,2016-03-27 23:45:00,4,1.0
722,2016-03-27 23:00:00,2016-03-27 23:45:00,4,1.0
723,2016-03-27 23:00:00,2016-03-27 23:45:00,4,1.0
724,2016-03-27 23:00:00,2016-03-27 23:45:00,4,1.0
725,2016-03-27 23:00:00,2016-03-27 23:45:00,4,1.0
726,2016-03-27 23:00:00,2016-03-27 23:45:00,4,1.0
727,2016-03-27 23:00:00,2016-03-27 23:45:00,4,1.0
728,2016-03-27 23:00:00,2016-03-27 23:45:00,4,1.0
729,2016-03-27 23:00:00,2016-03-27 23:45:00,4,1.0
730,2016-03-27 23:00:00,2016-03-27 23:45:00,4,1.0
731,2016-03-27 23:00:00,2016-03-27 23:45:00,4,1.0
732,2016-03-27 23:00:00,2016-03-27 23:45:00,4,1.0
733,2016-03-27 23:00:00,2016-03-27 23:45:00,4,1.0
734,2016-03-27 23:00:00,2016-03-27 23:45:00,4,1.0
735,2016-03-27 23:00:00,2016-03-27 23:45:00,4,1.0
736,2016-03-27 23:00:00,2016-03-27 23:45:00,4,1.0
737,2016-03-27 23:00:00,2016-03-27 23:45:00,4,1.0
738,2016-03-27 23:00:00,2016-03-27 23:45:00,4,1.0
739,2016-03-27 23:00:00,2016-03-27 23:45:00,4,1.0
740,2016-03-27 23:00:00,2016-03-27 23:45:00,4,1.0
741,2016-03-27 23:00:00,2016-03-27 23:45:00,4,1.0
742,2016-03-27 23:00:00,2016-03-27 23:45:00,4,1.0
743,2016-03-27 23:00:00,2016-03-27 23:45:00,4,1.0
744,2016-03-27 23:00:00,2016-03-27 23:45:00,4,1.0
745,2016-03-27 23:00:00,2016-03-27 23:45:00,4,1.0
746,2016-03-27 23:00:00,2016-03-27 23:45:00,4,1.0
747,2016-03-27 23:00:00,2016-03-27 23:45:00,4,1.0
748,2016-03-27 23:00:00,2016-03-27 23:45:00,4,1.0
749,2016-03-27 23:00:00,2016-03-27 23:45:00,4,1.0
750,2016-03-27 23:00:00,2016-03-27 23:45:00,4,1.0
751,2016-03-27 23:00:00,2016-03-27 23:45:00,4,1.0
752,2016-03-27 23:00:00,2016-03-27 23:45:00,4,1.0
753,2016-03-27 23:00:00,2016-03-27 23:45:00,4,1.0
754,2016-03-27 23:00:00,2016-03-27 23:45:00,4,1.0
755,2016-03-27 23:00:00,2016-03-27 23:45:00,4,1.0
756,2016-03-27 23:00:00,2016-03-27 23:45:00,4,1.0
757,2016-03-27 23:00:00,2016-03-27 23:45:00,4,1.0
758,2016-03-27 23:00:00,2016-03-27 23:45:00,4,1.0
759,2016-03-27 23:00:00,2016-03-27 23:45:00,4,1.0
760,2016-03-27 23:00:00,2016-03-27 23:45:00,4,1.0
761,2016-03-27 23:00:00,2016-03-27 23:45:00,4,1.0
762,2016-03-27 23:00:00,2016-03-27 23:45:00,4,1.0
763,2016-03-27 23:00:00,2016-03-27 23:45:00,4,1.0
764,2016-03-27 23:00:00,2016-03-27 23:45:00,4,1.0
765,2016-03-27 23:00:00,2016-03-27 23:45:00,4,1.0
766,2016-03-27 23:00:00,2016-03-27 23:45:00,4,1.0
767,2016-03-27 23:00:00,2016-03-27 23:45:00,4,1.0
768,2016-03-27 23:00:00,2016-03-27 23:45:00,4,1.0
769,2016-03-27 23:00:00,2016-03-27 23:45:00,4,1.0
770,2016-03-27 23:00:00,2016-03-27 23:45:00,4,1.0
771,2016-03-27 23:00:00,2016-03-27 23:45:00,4,1.0
772,2016-03-27 23:00:00,2016-03-27 23:45:00,4,1.0
773,2016-03-27 23:00:00,2016-03-27 23:45:00,4,1.0
774,2016-03-27 23:00:00,2016-03-27 23:45:00,4,1.0
775,2016-03-27 23:00:00,2016-03-27 23:45:00,4,1.0
776,2016-03-27 23:00:00,2016-03-27 23:45:00,4,1.0
777,2016-03-27 23:00:00,2016-03-27 23:45:00,4,1.0
778,2016-03-27 23:00:00,2016-03-27 23:45:00,4,1.0
779,2016-03-27 23:00:00,2016-03-27 23:45:00,4,1.0
780,2016-03-27 23:00:00,2016-03-27 23:45:00,4,1.0
781,2016-03-27 23:00:00,2016-03-27 23:45:00,4,1.0
782,2016-03-27 23:00:00,2016-03-27 23:45:00,4,1.0
783,2016-03-27 23:00:00,2016-03-27 23:45:00,4,1.0
784,2016-03-27 23:00:00,2016-03-27 23:45:00,4,1.0
785,2016-03-27 23:00:00,2016-03-27 23:45:00,4,1.0
786,2016-03-27 23:00:00,2016-03-27 23:45:00,4,1.0
787,2016-03-27 23:00:00,2016-03-27 23:45:00,4,1.0
788,2016-03-27 23:00:00,2016-03-27 23:45:00,4,1.0
789,2016-03-27 23:00:00,2016-03-27 23:45:00,4,1.0
790,2016-03-27 23:00:00,2016-03-27 23:45:00,4,1.0
791,2016-03-27 23:00:00,2016-03-27 23:45:00,4,1.0
792,2016-03-27 23:00:00,2016-03-27 23:45:00,4,1.0
793,2016-03-27 23:00:00,2016-03-27 23:45:00,4,1.0
794,2016-03-27 23:00:00,2016-03-27 23:45:00,4,1.0
795,2016-03-27 23:00:00,2016-03-27 23:45:00,4,1.0
796,2016-03-27 23:00:00,2016-03-27 23:45:00,4,1.0
797,2016-03-27 23:00:00,2016-03-27 23:45:00,4,1.0
798,2016-03-27 23:00:00,2016-03-27 23:45:00,4,1.0
799,2016-03-27 23:00:00,2016-03-27 23:45:00,4,1.0
800,2016-03-27 23:00:00,2016-03-27 23:45:00,4,1.0
801,2016-03-27 23:00:00,2016-03-27 23:45:00,4,1.0
802,2016-03-27 23:00:00,2016-03-27 23:45:00,4,1.0
803,2016-03-27 23:00:00,2016-03-27 23:45:00,4,1.0
804,2016-03-27 23:00:00,2016-03-27 23:45:00,4,1.0
805,2016-03-27 23:00:00,2016-03-27 23:45:00,4,1.0
806,2016-03-27 23:00:00,2016-03-27 23:45:00,4,1.0
807,2016-03-27 23:00:00,2016-03-27 23:45:00,4,1.0
808,2016-03-27 23:00:00,2016-03-27 23:45:00,4,1.0
809,2016-03-27 23:00:00,2016-03-27 23:45:00,4,1.0
810,2016-03-27 23:00:00,2016-03-27 23:45:00,4,1.0
811,2016-03-27 23:00:00,2016-03-27 23:45:00,4,1.0
812,2016-03-27 23:00:00,2016-03-27 23:45:00,4,1.0
813,2016-03-27 23:00:00,2016-03-27 23:45:00,4,1.0
814,2016-03-27 23:00:00,2016-03-27 23:45:00,4,1.0
815,2016-03-27 23:00:00,2016-03-27 23:45:00,4,1.0
816,2016-03-27 23:00:00,2016-03-27 23:45:00,4,1.0
817,2016-03-27 23:00:00,2016-03-27 23:45:00,4,1.0
818,2016-03-27 23:00:00,2016-03-27 23:45:00,4,1.0
819,2016-03-27 23:00:00,2016-03-27 23:45:00,4,1.0
821,2016-03-27 23:00:00,2016-03-27 23:45:00,4,1.0
822,2016-03-27 23:00:00,2016-03-27 23:45:00,4,1.0
823,2016-03-27 23:00:00,2016-03-27 23:45:00,4,1.0
824,2016-03-27 23:00:00,2016-03-27 23:45:00,4,1.0
825,2016-03-27 23:00:00,2016-03-27 23:45:00,4,1.0
826,2016-03-27 23:00:00,2016-03-27 23:45:00,4,1.0
827,2016-03-27 23:00:00,2016-03-27 23:45:00,4,1.0
828,2016-03-27 23:00:00,2016-03-27 23:45:00,4,1.0
829,2016-03-27 23:00:00,2016-03-27 23:45:00,4,1.0
830,2016-03-27 23:00:00,2016-03-27 23:45:00,4,1.0
831,2016-03-27 23:00:00,2016-03-27 23:45:00,4,1.0
832,2016-03-27 23:00:00,2016-03-27 23:45:00,4,1.0
833,2016-03-27 23:00:00,2016-03-27 23:45:00,4,1.0
834,2016-03-27 23:00:00,2016-03-27 23:45:00,4,1.0
835,2016-03-27 23:00:00,2016-03-27 23:45:00,4,1.0
836,2016-03-27 23:00:00,2016-03-27 23:45:00,4,1.0
837,2016-03-27 23:00:00,2016-03-27 23:45:00,4,1.0
838,2016-03-27 23:00:00,2016-03-27 23:45:00,4,1.0
839,2016-03-27 23:00:00,2016-03-27 23:45:00,4,1.0
840,2016-03-27 23:00:00,2016-03-27 23:45:00,4,1.0
841,2016-03-27 23:00:00,2016-03-27 23:45:00,4,1.0
842,2016-03-27 23:00:00,2016-03-27 23:45:00,4,1.0
843,2016-03-27 23:00:00,2016-03-27 23:45:00,4,1.0
844,2016-03-27 23:00:00,2016-03-27 23:45:00,4,1.0
845,2016-03-27 23:00:00,2016-03-27 23:45:00,4,1.0
846,2016-03-27 23:00:00,2016-03-27 23:45:00,4,1.0
847,2016-03-27 23:00:00,2016-03-27 23:45:00,4,1.0
848,2016-03-27 23:00:00,2016-03-27 23:45:00,4,1.0
849,2016-03-27 23:00:00,2016-03-27 23:45:00,4,1.0
850,2016-03-27 23:00:00,2016-03-27 23:45:00,4,1.0
851,2016-03-27 23:00:00,2016-03-27 23:45:00,4,1.0
852,2016-03-27 23:00:00,2016-03-27 23:45:00,4,1.0
853,2016-03-27 23:00:00,2016-03-27 23:45:00,4,1.0
854,2016-03-27 23:00:00,2016-03-27 23:45:00,4,1.0
855,2016-03-27 23:00:00,2016-03-27 23:45:00,4,1.0
856,2016-03-27 23:00:00,2016-03-27 23:45:00,4,1.0
857,2016-03-27 23:00:00,2016-03-27 23:45:00,4,1.0
858,2016-03-27 23:00:00,2016-03-27 23:45:00,4,1.0
859,2016-03-27 23:00:00,2016-03-27 23:45:00,4,1.0
860,2016-03-27 23:00:00,2016-03-27 23:45:00,4,1.0
861,2016-03-27 23:00:00,2016-03-27 23:45:00,4,1.0
862,2016-03-27 23:00:00,2016-03-27 23:45:00,4,1.0
863,2016-03-27 23:00:00,2016-03-27 23:45:00,4,1.0
864,2016-03-27 23:00:00,2016-03-27 23:45:00,4,1.0
865,2016-03-27 23:00:00,2016-03-27 23:45:00,4,1.0
866,2016-03-27 23:00:00,2016-03-27 23:45:00,4,1.0
867,2016-03-27 23:00:00,2016-03-27 23:45:00,4,1.0
868,2016-03-27 23:00:00,2016-03-27 23:45:00,4,1.0
869,2016-03-27 23:00:00,2016-03-27 23:45:00,4,1.0
870,2016-03-27 23:00:00,2016-03-27 23:45:00,4,1.0
871,2016-03-27 23:00:00,2016-03-27 23:45:00,4,1.0
872,2016-03-27 23:00:00,2016-03-27 23:45:00,4,1.0
873,2016-03-27 23:00:00,2016-03-27 23:45:00,4,1.0
874,2016-03-27 23:00:00,2016-03-27 23:45:00,4,1.0
875,2016-03-27 23:00:00,2016-03-27 23:45:00,4,1.0
876,2016-03-27 23:00:00,2016-03-27 23:45:00,4,1.0
877,2016-03-27 23:00:00,2016-03-27 23:45:00,4,1.0
878,2016-03-27 23:00:00,2016-03-27 23:45:00,4,1.0
879,2016-03-27 23:00:00,2016-03-27 23:45:00,4,1.0
880,2016-03-27 23:00:00,2016-03-27 23:45:00,4,1.0
881,2016-03-27 23:00:00,2016-03-27 23:45:00,4,1.0
882,2016-03-27 23:00:00,2016-03-27 23:45:00,4,1.0
883,2016-03-27 23:00:00,2016-03-27 23:45:00,4,1.0
884,2016-03-27 23:00:00,2016-03-27 23:45:00,4,1.0
885,2016-03-27 23:00:00,2016-03-27 23:45:00,4,1.0
886,2016-03-27 23:00:00,2016-03-27 23:45:00,4,1.0
887,2016-03-27 23:00:00,2016-03-27 23:45:00,4,1.0
888,2016-03-27 23:00:00,2016-03-27 23:45:00,4,1.0
889,2016-03-27 23:00:00,2016-03-27 23:45:00,4,1.0
890,2016-03-27 23:00:00,2016-03-27 23:45:00,4,1.0
891,2016-03-27 23:00:00,2016-03-27 23:45:00,4,1.0
892,2016-03-27 23:00:00,2016-03-27 23:45:00,4,1.0
893,2016-03-27 23:00:00,2016-03-27 23:45:00,4,1.0
894,2016-03-27 23:00:00,2016-03-27 23:45:00,4,1.0
895,2016-03-27 23:00:00,2016-03-27 23:45:00,4,1.0
896,2016-03-27 23:00:00,2016-03-27 23:45:00,4,1.0
897,2016-03-27 23:00:00,2016-03-27 23:45:00,4,1.0
898,2016-03-27 23:00:00,2016-03-27 23:45:00,4,1.0
899,2016-03-27 23:00:00,2016-03-27 23:45:00,4,1.0
900,2016-03-27 23:00:00,2016-03-27 23:45:00,4,1.0
901,2016-03-27 23:00:00,2016-03-27 23:45:00,4,1.0
902,2016-03-27 23:00:00,2016-03-27 23:45:00,4,1.0
903,2016-03-27 23:00:00,2016-03-27 23:45:00,4,1.0
904,2016-03-27 23:00:00,2016-03-27 23:45:00,4,1.0
905,2016-03-27 23:00:00,2016-03-27 23:45:00,4,1.0
906,2016-03-27 23:00:00,2016-03-27 23:45:00,4,1.0
907,2016-03-27 23:00:00,2016-03-27 23:45:00,4,1.0
908,2016-03-27 23:00:00,2016-03-27 23:45:00,4,1.0
909,2016-03-27 23:00:00,2016-03-27 23:45:00,4,1.0
910,2016-03-27 23:00:00,2016-03-27 23:45:00,4,1.0
911,2016-03-27 23:00:00,2016-03-27 23:45:00,4,1.0
912,2016-03-27 23:00:00,2016-03-27 23:45:00,4,1.0
913,2016-03-27 23:00:00,2016-03-27 23:45:00,4,1.0
914,2016-03-27 23:00:00,2016-03-27 23:45:00,4,1.0
915,2016-03-27 23:00:00,2016-03-27 23:45:00,4,1.0
916,2016-03-27 23:00:00,2016-03-27 23:45:00,4,1.0
917,2016-03-27 23:00:00,2016-03-27 23:45:00,4,1.0
918,2016-03-27 23:00:00,2016-03-27 23:45:00,4,1.0
919,2016-03-27 23:00:00,2016-03-27 23:45:00,4,1.0
920,2016-03-27 23:00:00,2016-03-27 23:45:00,4,1.0
921,2016-03-27 23:00:00,2016-03-27 23:45:00,4,1.0
922,2016-03-27 23:00:00,2016-03-27 23:45:00,4,1.0
923,2016-03-27 23:00:00,2016-03-27 23:45:00,4,1.0
924,2016-03-27 23:00:00,2016-03-27 23:45:00,4,1.0
925,2016-03-27 23:00:00,2016-03-27 23:45:00,4,1.0
926,2016-03-27 23:00:00,2016-03-27 23:45:00,4,1.0
927,2016-03-27 23:00:00,2016-03-27 23:45:00,4,1.0
928,2016-03-27 23:00:00,2016-03-27 23:45:00,4,1.0
929,2016-03-27 23:00:00,2016-03-27 23:45:00,4,1.0
930,2016-03-27 23:00:00,2016-03-27 23:45:00,4,1.0
931,2016-03-27 23:00:00,2016-03-27 23:45:00,4,1.0
932,2016-03-27 23:00:00,2016-03-27 23:45:00,4,1.0
934,2016-03-27 23:00:00,2016-03-27 23:45:00,4,1.0
935,2016-03-27 23:00:00,2016-03-27 23:45:00,4,1.0
936,2016-03-27 23:00:00,2016-03-27 23:45:00,4,1.0
937,2016-03-27 23:00:00,2016-03-27 23:45:00,4,1.0
938,2016-03-27 23:00:00,2016-03-27 23:45:00,4,1.0
939,2016-03-27 23:00:00,2016-03-27 23:45:00,4,1.0
940,2016-03-27 23:00:00,2016-03-27 23:45:00,4,1.0
941,2016-03-27 23:00:00,2016-03-27 23:45:00,4,1.0
942,2016-03-27 23:00:00,2016-03-27 23:45:00,4,1.0
943,2016-03-27 23:00:00,2016-03-27 23:45:00,4,1.0
944,2016-03-27 23:00:00,2016-03-27 23:45:00,4,1.0
945,2016-03-27 23:00:00,2016-03-27 23:45:00,4,1.0
946,2016-03-27 23:00:00,2016-03-27 23:45:00,4,1.0
947,2016-03-27 23:00:00,2016-03-27 23:45:00,4,1.0
948,2016-03-27 23:00:00,2016-03-27 23:45:00,4,1.0
949,2016-03-27 23:00:00,2016-03-27 23:45:00,4,1.0
950,2016-03-27 23:00:00,2016-03-27 23:45:00,4,1.0
951,2016-03-27 23:00:00,2016-03-27 23:45:00,4,1.0
952,2016-03-27 23:00:00,2016-03-27 23:45:00,4,1.0
953,2016-03-27 23:00:00,2016-03-27 23:45:00,4,1.0
954,2016-03-27 23:00:00,2016-03-27 23:45:00,4,1.0
955,2016-03-27 23:00:00,2016-03-27 23:45:00,4,1.0
956,2016-03-27 23:00:00,2016-03-27 23:45:00,4,1.0
957,2016-03-27 23:00:00,2016-03-27 23:45:00,4,1.0
958,2016-03-27 23:00:00,2016-03-27 23:45:00,4,1.0
959,2016-03-27 23:00:00,2016-03-27 23:45:00,4,1.0
960,2016-03-27 23:00:00,2016-03-27 23:45:00,4,1.0
961,2016-03-27 23:00:00,2016-03-27 23:45:00,4,1.0
962,2016-03-27 23:00:00,2016-03-27 23:45:00,4,1.0
963,2016-03-27 23:00:00,2016-03-27 23:45:00,4,1.0
964,2016-03-27 23:00:00,2016-03-27 23:45:00,4,1.0
965,2016-03-27 23:00:00,2016-03-27 23:45:00,4,1.0
966,2016-03-27 23:00:00,2016-03-27 23:45:00,4,1.0
967,2016-03-27 23:00:00,2016-03-27 23:45:00,4,1.0
968,2016-03-27 23:00:00,2016-03-27 23:45:00,4,1.0
969,2016-03-27 23:00:00,2016-03-27 23:45:00,4,1.0
970,2016-03-27 23:00:00,2016-03-27 23:45:00,4,1.0
971,2016-03-27 23:00:00,2016-03-27 23:45:00,4,1.0
972,2016-03-27 23:00:00,2016-03-27 23:45:00,4,1.0
973,2016-03-27 23:00:00,2016-03-27 23:45:00,4,1.0
974,2016-03-27 23:00:00,2016-03-27 23:45:00,4,1.0
975,2016-03-27 23:00:00,2016-03-27 23:45:00,4,1.0
976,2016-03-27 23:00:00,2016-03-27 23:45:00,4,1.0
977,2016-03-27 23:00:00,2016-03-27 23:45:00,4,1.0
978,2016-03-27 23:00:00,2016-03-27 23:45:00,4,1.0
979,2016-03-27 23:00:00,2016-03-27 23:45:00,4,1.0
980,2016-03-27 23:00:00,2016-03-27 23:45:00,4,1.0
980,2017-01-01 00:00:00,2017-01-19 23:45:00,1824,456.0
981,2016-03-27 23:00:00,2016-03-27 23:45:00,4,1.0
982,2016-03-27 23:00:00,2016-03-27 23:45:00,4,1.0
983,2016-03-27 23:00:00,2016-03-27 23:45:00,4,1.0
984,2016-03-27 23:00:00,2016-03-27 23:45:00,4,1.0
985,2016-03-27 23:00:00,2016-03-27 23:45:00,4,1.0
986,2016-03-27 23:00:00,2016-03-27 23:45:00,4,1.0
987,2016-03-27 23:00:00,2016-03-27 23:45:00,4,1.0
988,2016-03-27 23:00:00,2016-03-27 23:45:00,4,1.0
989,2016-03-27 23:00:00,2016-03-27 23:45:00,4,1.0
990,2016-03-27 23:00:00,2016-03-27 23:45:00,4,1.0
991,2016-03-27 23:00:00,2016-03-27 23:45:00,4,1.0
992,2016-03-27 23:00:00,2016-03-27 23:45:00,4,1.0
993,2016-03-27 23:00:00,2016-03-27 23:45:00,4,1.0
994,2016-03-27 23:00:00,2016-03-27 23:45:00,4,1.0
995,2016-03-27 23:00:00,2016-03-27 23:45:00,4,1.0
996,2016-03-27 23:00:00,2016-03-27 23:45:00,4,1.0
997,2016-03-27 23:00:00,2016-03-27 23:45:00,4,1.0
998,2016-03-27 23:00:00,2016-03-27 23:45:00,4,1.0
999,2016-03-27 23:00:00,2016-03-27 23:45:00,4,1.0
1000,2016-03-27 23:00:00,2016-03-27 23:45:00,4,1.0
